wavelength,depth,depth_err_lo,depth_err_hi,absolute_depth,absolute_depth_err_lo,absolute_depth_err_hi,absolute_disagreement,informed_linear_depth,informed_linear_depth_err_lo,informed_linear_depth_err_hi,informed_linear_weight,informed_linear_achromatic_offset,informed_linear_achromatic_offset_err,uniform_linear_depth,uniform_linear_depth_err_lo,uniform_linear_depth_err_hi,uniform_linear_weight,uniform_linear_achromatic_offset,uniform_linear_achromatic_offset_err,fixed_linear_depth,fixed_linear_depth_err_lo,fixed_linear_depth_err_hi,fixed_linear_weight,fixed_linear_achromatic_offset,fixed_linear_achromatic_offset_err,informed_linear_step_depth,informed_linear_step_depth_err_lo,informed_linear_step_depth_err_hi,informed_linear_step_weight,informed_linear_step_achromatic_offset,informed_linear_step_achromatic_offset_err,disagreement
2.9083497524261475,0.022077199679823203,0.00010653228484009888,0.0001226087220859741,0.02208376425567462,0.0001061129512600241,0.00012633187515010552,1.1981572346059797,0.02182987840511689,0.00010149598504409496,9.252584471898875e-05,4.000582498952102e-14,-0.00011714163651406896,1.1661242925369728e-05,0.02222929845238428,0.00011964528329632546,0.00011077253370950571,0.175971183221599,0.00012231729742100708,1.3450887113717261e-05,0.021829903636229303,9.646711940837147e-05,9.753481931594823e-05,3.9808357652347303e-14,-0.00011415728430077645,1.1683427956192346e-05,0.02206623738748921,9.75519580973562e-05,9.735806089925664e-05,0.8240288167783213,0.00011013415715101208,1.1272803083095577e-05,1.1811274074517706
2.9219865798950195,0.02162290569466678,9.790049472837084e-05,8.676534493471527e-05,0.02160648512165992,0.00013161710217008196,9.883411775453085e-05,1.2477274066208555,0.021416048874501995,9.774489983138679e-05,8.96082693322732e-05,0.14005306732354014,-0.00011714163651406896,1.1661242925369728e-05,0.021579650785422747,0.00011758606526268353,0.00011053113148710644,0.0,0.00012231729742100708,1.3450887113717261e-05,0.02141808455068937,9.495845791383101e-05,9.777529886269981e-05,1.0504648501963657e-16,-0.00011415728430077645,1.1683427956192346e-05,0.02162653931576255,9.798976398641204e-05,8.670700447580351e-05,0.8599469326764598,0.00011013415715101208,1.1272803083095577e-05,0.9998325428247231
2.935563564300537,0.021721459779599404,8.326848708633053e-05,8.847752712448989e-05,0.02167855360322125,0.00017913508892430582,0.00012011392331729223,1.8108513357781713,0.02149686077981134,9.852001790745454e-05,8.579651055008394e-05,0.0,-0.00011714163651406896,1.1661242925369728e-05,0.021682050420318316,0.00011289508391237879,0.00011520065271673763,3.6359584346402285e-15,0.00012231729742100708,1.3450887113717261e-05,0.021498323283786196,7.949821411838004e-05,8.575500481193196e-05,0.30268510982386077,-0.00011415728430077645,1.1683427956192346e-05,0.021729545318056754,8.412922608865003e-05,8.894417209817998e-05,0.6973148901761356,0.00011013415715101208,1.1272803083095577e-05,1.0392899776629856
2.9490816593170166,0.021719433830967676,8.458868989513757e-05,8.015072731754752e-05,0.02172650125895517,8.603952935008416e-05,8.115901736488462e-05,1.014726402669203,0.021472196026907118,9.202816325335622e-05,9.526074459482309e-05,0.0,-0.00011714163651406896,1.1661242925369728e-05,0.02174984776298216,0.00010495168070778424,0.00010166217768911578,0.052651098677226615,0.00012231729742100708,1.3450887113717261e-05,0.021470053277366473,9.848223284295368e-05,0.00010674085203203967,0.0,-0.00011415728430077645,1.1683427956192346e-05,0.02172595867600774,8.487545498899601e-05,7.989659221028719e-05,0.9473489013227733,0.00011013415715101208,1.1272803083095577e-05,0.999801968919166
2.962549924850464,0.021720729026820904,9.057390895893941e-05,8.992542435643652e-05,0.02171869763213187,0.00011099089649867916,9.258155990368375e-05,1.1561137472120941,0.021491971767943333,9.136059375785405e-05,9.791544746125258e-05,0.08572584603760575,-0.00011714163651406896,1.1661242925369728e-05,0.02179611172047031,0.00010144810927068676,0.00011522553168378732,0.06360517499306316,0.00012231729742100708,1.3450887113717261e-05,0.021493744279907443,9.369055141504254e-05,9.612708432142972e-05,0.0,-0.00011415728430077645,1.1683427956192346e-05,0.021724447507736402,8.965539507425208e-05,8.642801963582025e-05,0.8506689789693311,0.00011013415715101208,1.1272803083095577e-05,1.0250785607070068
2.9759624004364014,0.02171293365248628,7.567315191254684e-05,8.447927210836204e-05,0.021719053034959898,7.567315191254684e-05,8.447927210836204e-05,1.0182666163224174,0.021491603145384917,8.701751429001509e-05,7.700794074583933e-05,0.0,-0.00011714163651406896,1.1661242925369728e-05,0.021682017426158367,9.938035234816414e-05,0.00010237973104600812,0.0,0.00012231729742100708,1.3450887113717261e-05,0.02149109694662865,7.896681085931001e-05,7.831264960195608e-05,0.0,-0.00011415728430077645,1.1683427956192346e-05,0.021719640903125503,7.425988380034554e-05,8.394806811045166e-05,1.0,0.00011013415715101208,1.1272803083095577e-05,1.0182666163224174
2.989316940307617,0.021446372237428346,8.666423763178596e-05,8.678078882643978e-05,0.021454111953461204,8.679284899348189e-05,8.722777412684471e-05,1.01367493123813,0.021240210644143737,8.826528102008971e-05,8.824907699503046e-05,0.0,-0.00011714163651406896,1.1661242925369728e-05,0.021525770716191328,0.00011350222307459149,0.00010339499735538202,0.03998150876584877,0.00012231729742100708,1.3450887113717261e-05,0.021243006712999238,9.571313219236544e-05,9.34632458870141e-05,8.507316907986304e-17,-0.00011415728430077645,1.1683427956192346e-05,0.021451794169945186,8.602951557131269e-05,8.564349098886051e-05,0.9600184912341511,0.00011013415715101208,1.1272803083095577e-05,1.0103220647995783
3.002616167068481,0.02174922282595662,9.085915344968915e-05,8.406458444416495e-05,0.02170026487074947,0.00013207939616144415,0.00010574961455718165,1.4962348101987142,0.021566391717751956,7.677575564422542e-05,8.217590695413363e-05,0.2818441516530601,-0.00011714163651406896,1.1661242925369728e-05,0.021792572936911846,9.200841491472864e-05,9.593338519522238e-05,0.0,0.00012231729742100708,1.3450887113717261e-05,0.02157898771473152,9.077158347998993e-05,8.607738995291409e-05,1.45862885165453e-16,-0.00011415728430077645,1.1683427956192346e-05,0.021735941952335264,8.971779521685028e-05,8.445811500454661e-05,0.7181558483469398,0.00011013415715101208,1.1272803083095577e-05,1.100483851721976
3.015860080718994,0.021531553766827298,8.430245724396629e-05,8.957813591543157e-05,0.02153775050027534,8.345672855469832e-05,8.950078494100733e-05,1.029431013067223,0.021309194719411402,8.521831032681434e-05,8.73204310002304e-05,2.2263264768512592e-15,-0.00011714163651406896,1.1661242925369728e-05,0.021618751502549313,9.236399830814951e-05,0.00010394284630607306,0.060292048551347295,0.00012231729742100708,1.3450887113717261e-05,0.021312248011726993,8.942679860486288e-05,8.639968170551238e-05,2.0375150484790972e-15,-0.00011415728430077645,1.1683427956192346e-05,0.02153453956291932,8.153278858501894e-05,8.647994009737536e-05,0.9397079514486484,0.00011013415715101208,1.1272803083095577e-05,1.0349251186086976
3.029047966003418,0.021424965795352895,8.027712330206313e-05,8.960254104330156e-05,0.021404870627589643,0.00017171381342914044,0.00010525360992079749,1.6906519536058473,0.021192013232153025,8.238986371259666e-05,8.14329874420823e-05,0.14096145660699524,-0.00011714163651406896,1.1661242925369728e-05,0.021397732182829095,0.00010112196849079713,9.069086230698714e-05,0.0,0.00012231729742100708,1.3450887113717261e-05,0.02119491538404332,8.587781502111466e-05,8.865528038264417e-05,0.08774221071589472,-0.00011415728430077645,1.1683427956192346e-05,0.02143531240350764,7.946050502210394e-05,8.796748798814424e-05,0.7712963326771101,0.00011013415715101208,1.1272803083095577e-05,1.0369717237125058
3.042182207107544,0.021481013552395293,8.541422217819145e-05,8.429832230192474e-05,0.021487638737180216,8.517609197269613e-05,8.378461557490002e-05,1.0186427139456813,0.0212995004382957,8.226091784819048e-05,8.360755127689856e-05,0.0,-0.00011714163651406896,1.1661242925369728e-05,0.021532956760302334,0.00010634172324266306,9.82408305786539e-05,0.07819314777044016,0.00012231729742100708,1.3450887113717261e-05,0.021307555219303036,9.879822752728237e-05,8.23482228249281e-05,7.371797847137223e-17,-0.00011415728430077645,1.1683427956192346e-05,0.02148464923192471,8.409161583118954e-05,8.447755829049663e-05,0.9218068522295598,0.00011013415715101208,1.1272803083095577e-05,1.0231754436229115
3.055262327194214,0.021643779747982966,9.130763389305144e-05,7.938390742837434e-05,0.02164863337571556,8.998930766586713e-05,8.002896646718341e-05,0.9995514348244591,0.02144479608232394,8.447973320836744e-05,8.628095040064121e-05,0.0,-0.00011714163651406896,1.1661242925369728e-05,0.021686691887180764,0.0001014012136055821,0.00010765556161078035,1.350232687816179e-16,0.00012231729742100708,1.3450887113717261e-05,0.021452086280100858,8.427812539348392e-05,9.196060724336527e-05,0.0,-0.00011415728430077645,1.1683427956192346e-05,0.021649322321217003,9.06784071381013e-05,7.941616549678177e-05,0.9999999999999998,0.00011013415715101208,1.1272803083095577e-05,1.003509628069228
3.068288803100586,0.02149694226603315,8.998565196646421e-05,0.00010026890241463318,0.021504657191506637,9.158119496633504e-05,0.00010050643972384782,1.1673986228088244,0.021287858408845603,8.328956413073546e-05,8.12537469004268e-05,0.0,-0.00011714163651406896,1.1661242925369728e-05,0.0216013045561749,9.519671000979973e-05,0.00010209431043890077,0.09403959418944273,0.00012231729742100708,1.3450887113717261e-05,0.021283965241446386,7.897261691319768e-05,9.574267122901964e-05,0.0,-0.00011415728430077645,1.1683427956192346e-05,0.021494802128806688,8.354405939621154e-05,9.545508803930972e-05,0.9059604058105574,0.00011013415715101208,1.1272803083095577e-05,1.1562582106121941
3.081264019012451,0.021566297877657643,9.095978986469258e-05,8.43821480159962e-05,0.021573100607058956,9.170236727753384e-05,8.369880108829997e-05,1.001575572416836,0.021360221702185763,9.031036161019981e-05,8.618449533043249e-05,0.0,-0.00011714163651406896,1.1661242925369728e-05,0.02153886121725327,0.00010065585843906447,0.00010714663696967039,0.0,0.00012231729742100708,1.3450887113717261e-05,0.021366678540105648,8.891134038820428e-05,8.955508260512224e-05,0.0,-0.00011415728430077645,1.1683427956192346e-05,0.02157254395565792,9.109596226897568e-05,8.402928358999112e-05,1.0,0.00011013415715101208,1.1272803083095577e-05,1.0012373545610693
3.0941851139068604,0.021536922017699408,9.030772938152867e-05,8.281004653787685e-05,0.021544234734110296,9.15010633187989e-05,8.416182323360555e-05,1.0417733502935331,0.021286877358229782,8.575252586203938e-05,8.546502416123189e-05,0.0,-0.00011714163651406896,1.1661242925369728e-05,0.021559463880841366,0.000101006629530314,0.00010345784229407948,0.20461070276336812,0.00012231729742100708,1.3450887113717261e-05,0.02128590808951227,8.850425654028868e-05,8.164849999353976e-05,0.0,-0.00011415728430077645,1.1683427956192346e-05,0.02154103491502412,8.833482647961285e-05,8.028427526925522e-05,0.7953892972366319,0.00011013415715101208,1.1272803083095577e-05,1.026679505013836
3.107055902481079,0.02137322825600259,8.861934352078285e-05,9.188754016992498e-05,0.02138401143321173,8.990929843718382e-05,8.955107534686785e-05,1.043374219449441,0.021135027795634066,8.505541727873642e-05,9.629182404369621e-05,5.097468628773613e-16,-0.00011714163651406896,1.1661242925369728e-05,0.021413797082391557,0.00010689252239886801,9.842784529986298e-05,0.22294349552628645,0.00012231729742100708,1.3450887113717261e-05,0.0211390025823325,9.690115233463442e-05,9.488392868146206e-05,1.6906812680104465e-15,-0.00011415728430077645,1.1683427956192346e-05,0.021377168763738144,8.483999487738855e-05,8.716001282717961e-05,0.7770565044737114,0.00011013415715101208,1.1272803083095577e-05,1.0494585790993178
3.1198747158050537,0.021382280035500707,8.656332136323594e-05,9.1114636474484e-05,0.021374572781227435,0.00010865077740042361,9.377926282039956e-05,1.2025813603989406,0.02118635331169238,8.444957783240031e-05,8.388002288057736e-05,0.09854974564093161,-0.00011714163651406896,1.1661242925369728e-05,0.02143353181890866,0.00010312792401585488,0.00010789551296357461,0.0377653710529128,0.00012231729742100708,1.3450887113717261e-05,0.02119558106185187,8.972586226357535e-05,9.22278069912831e-05,2.6088614775432444e-17,-0.00011415728430077645,1.1683427956192346e-05,0.021385714828201056,8.714977908374014e-05,8.757817569728446e-05,0.8636848833061554,0.00011013415715101208,1.1272803083095577e-05,1.0555360262553128
3.132643461227417,0.021325778462548708,7.930846021859603e-05,9.11015491990054e-05,0.02133400979402368,8.622210786097054e-05,8.600153950548417e-05,1.0146443037058483,0.02111434978925963,9.930730771674431e-05,0.0001016322743675295,1.8400210923769725e-15,-0.00011714163651406896,1.1661242925369728e-05,0.021359668663627283,0.000113071162593157,0.00010468219625317521,2.430593636619609e-18,0.00012231729742100708,1.3450887113717261e-05,0.021115563395096862,9.339199816002855e-05,9.315196100482398e-05,4.910359248043392e-16,-0.00011415728430077645,1.1683427956192346e-05,0.02133431976366203,8.12222763212668e-05,8.851567690769391e-05,0.9999999999999976,0.00011013415715101208,1.1272803083095577e-05,1.003959374882612
3.145362377166748,0.02115101406362796,9.41536198216901e-05,8.829375999847705e-05,0.02115906170695914,9.425210570038547e-05,9.08177599400796e-05,1.0363738570115835,0.02094242811307502,9.744378537723114e-05,9.977480594784358e-05,6.360004016911866e-17,-0.00011714163651406896,1.1661242925369728e-05,0.02125282822160436,0.00010424859894892988,0.00010932577292377399,0.05514186528572155,0.00012231729742100708,1.3450887113717261e-05,0.020945937930352702,8.609163267909656e-05,9.551051789336365e-05,0.0,-0.00011415728430077645,1.1683427956192346e-05,0.021154790647543057,9.36750658099457e-05,8.489935922825417e-05,0.9448581347142783,0.00011013415715101208,1.1272803083095577e-05,1.021688182846669
3.158031225204468,0.02159337865033318,8.184764663313193e-05,8.14943454596137e-05,0.021599498032806797,8.1620765065675e-05,8.124635168729397e-05,1.00013501027182,0.02137570986875402,9.010875586132686e-05,8.707145727116297e-05,2.8840819145901616e-16,-0.00011714163651406896,1.1661242925369728e-05,0.021559096963329555,9.885226126788577e-05,0.00010034143291015943,0.0,0.00012231729742100708,1.3450887113717261e-05,0.021375926659053003,8.292472955194127e-05,8.266316334311699e-05,0.0,-0.00011415728430077645,1.1683427956192346e-05,0.02159807411436407,8.074524527724655e-05,8.20998857103232e-05,0.9999999999999998,0.00011013415715101208,1.1272803083095577e-05,1.0030511265652382
3.17065167427063,0.021365334912423473,8.834065439600886e-05,8.52235897071188e-05,0.02137110054872868,8.723861197448834e-05,8.515506040520857e-05,0.9954175175946302,0.021135380445271856,8.561042243035444e-05,8.973881915701198e-05,0.0,-0.00011714163651406896,1.1661242925369728e-05,0.021410261268427298,0.00010474891875029632,0.00010499869858117059,3.3970016676636157e-16,0.00012231729742100708,1.3450887113717261e-05,0.021146789305758504,9.292602120954813e-05,8.026127892585277e-05,0.0,-0.00011415728430077645,1.1683427956192346e-05,0.021372150321577445,8.813372979017339e-05,8.602599023203872e-05,0.9999999999999997,0.00011013415715101208,1.1272803083095577e-05,1.002176510445235
3.183222770690918,0.021142792798815722,8.734658782743807e-05,8.497745480666452e-05,0.021130313723540396,0.0001349706026729687,9.744274928989022e-05,1.3626823686523266,0.020922509619010776,8.547630981489349e-05,8.712097444625241e-05,0.0,-0.00011714163651406896,1.1661242925369728e-05,0.021134734873583114,0.00010063408407037788,9.739231324390821e-05,0.08436620802201025,0.00012231729742100708,1.3450887113717261e-05,0.020919003186501358,8.466972958777463e-05,8.653684385148686e-05,0.16264702544744308,-0.00011415728430077645,1.1683427956192346e-05,0.02115467819721782,8.782906492479925e-05,8.272671337642909e-05,0.7529867665305467,0.00011013415715101208,1.1272803083095577e-05,1.0103676600727722
3.1957476139068604,0.021258475595330117,8.886028547875485e-05,9.095537286844119e-05,0.021265053060606946,8.860360971076064e-05,9.137202001725797e-05,1.0632370567477742,0.021002989142122737,7.901908742345004e-05,9.025231690337754e-05,0.0,-0.00011714163651406896,1.1661242925369728e-05,0.02121424908266631,9.955323878970551e-05,9.335706157226689e-05,0.0,0.00012231729742100708,1.3450887113717261e-05,0.021011977403642405,8.28871887865977e-05,8.827967442045018e-05,0.0,-0.00011415728430077645,1.1683427956192346e-05,0.021264951073814594,8.866434471924839e-05,9.148144363426564e-05,1.0,0.00011013415715101208,1.1272803083095577e-05,1.06229199823976
3.208223819732666,0.021388096901836438,7.789559140683466e-05,8.064031411961561e-05,0.02139534529845357,7.903941353689867e-05,8.081050063648426e-05,1.0381532021350064,0.021148308946249417,9.159352013784691e-05,9.334735072852318e-05,5.801995694190663e-17,-0.00011714163651406896,1.1661242925369728e-05,0.021407469184482206,0.00011349462108216357,0.00010722550852842322,0.10782088918099182,0.00012231729742100708,1.3450887113717261e-05,0.021150437102078836,8.767923537976105e-05,8.290525162108278e-05,0.0,-0.00011415728430077645,1.1683427956192346e-05,0.021393390376244967,7.574489091276629e-05,7.823037385995199e-05,0.892179110819008,0.00011013415715101208,1.1272803083095577e-05,1.0296193077535143
3.220654010772705,0.02136909442362471,9.574180505514049e-05,9.268133514627602e-05,0.021375765677677915,9.673784962019316e-05,9.345196031584208e-05,1.094953678804697,0.02113879477930613,8.619623869130996e-05,8.750043324795911e-05,1.2454897453938419e-15,-0.00011714163651406896,1.1661242925369728e-05,0.021454608220955466,9.58989820866174e-05,0.00010584463516948722,0.05971863663626134,0.00012231729742100708,1.3450887113717261e-05,0.0211472311123962,9.22610143944888e-05,8.73617198700119e-05,3.23407027005392e-15,-0.00011415728430077645,1.1683427956192346e-05,0.02137031313270749,9.254096598838857e-05,9.484573051222328e-05,0.9402813633637341,0.00011013415715101208,1.1272803083095577e-05,1.0847826737134973
3.233036756515503,0.021244884106660956,9.983049771204039e-05,9.277442262048755e-05,0.02123717814568796,0.00013465211189284468,0.00010098151702905497,1.2438480053285745,0.020990018587534416,9.802333263990437e-05,9.9188012266542e-05,2.4647697310932418e-15,-0.00011714163651406896,1.1661242925369728e-05,0.02119596234944141,0.00010240956442443203,0.00010943405631128403,0.0,0.00012231729742100708,1.3450887113717261e-05,0.021003303523153875,0.00010287654827205797,9.77150261078849e-05,0.1205908449008643,-0.00011415728430077645,1.1683427956192346e-05,0.021253821964657114,9.559757726740337e-05,9.384166925826415e-05,0.8794091550991332,0.00011013415715101208,1.1272803083095577e-05,1.0167107601245209
3.2453739643096924,0.02140824186313687,8.723037066724754e-05,9.571233122501743e-05,0.021414258557566,8.898096236234845e-05,9.483125273038531e-05,1.0099294801456051,0.02115833026365127,9.249181489875621e-05,0.00010905703689290808,0.0,-0.00011714163651406896,1.1661242925369728e-05,0.02138570326043927,0.00011432257602103646,0.00011219704038701456,5.254306702959256e-15,0.00012231729742100708,1.3450887113717261e-05,0.021157396252866712,9.34244994272998e-05,0.00010201766823930009,0.0,-0.00011415728430077645,1.1683427956192346e-05,0.021414340249390054,8.72437858669868e-05,9.476121419126765e-05,0.9999999999999948,0.00011013415715101208,1.1272803083095577e-05,1.0051520663372455
3.257664918899536,0.021194920524443803,8.345984216691707e-05,8.79806246571399e-05,0.02120103990691742,8.489244470585855e-05,9.163058052484921e-05,1.0866731547779604,0.020979363335752572,7.944328239452292e-05,9.203751159556073e-05,4.631199225924985e-16,-0.00011714163651406896,1.1661242925369728e-05,0.021278790473225985,9.533921194199158e-05,9.569813725276294e-05,0.10555835975675684,0.00012231729742100708,1.3450887113717261e-05,0.02098129476392166,8.558080315088437e-05,8.688160714360321e-05,0.0,-0.00011415728430077645,1.1683427956192346e-05,0.021195455084373642,8.304964612903046e-05,7.939388572280465e-05,0.8944416402432427,0.00011013415715101208,1.1272803083095577e-05,1.0553849997575033
3.269911050796509,0.021276938409990585,9.487552445248612e-05,8.737767694387902e-05,0.021283870463693264,9.500937633017889e-05,8.707312349594612e-05,0.9938469183377479,0.021046317337769585,0.00010163580118874652,8.682848992439332e-05,6.433882118500226e-16,-0.00011714163651406896,1.1661242925369728e-05,0.021240134068833398,0.00011251102063991603,9.911143273186665e-05,1.9643356780071802e-15,0.00012231729742100708,1.3450887113717261e-05,0.021036793018181663,9.088226394579624e-05,9.739130670424756e-05,1.3502205651191924e-19,-0.00011415728430077645,1.1683427956192346e-05,0.021284132642859322,9.482244644443139e-05,8.838735827143562e-05,0.9999999999999973,0.00011013415715101208,1.1272803083095577e-05,0.9947786456025898
3.2821123600006104,0.021376887541627296,9.499127316370953e-05,9.217536666106946e-05,0.02138503853366438,9.66881771242295e-05,9.0469752658872e-05,1.0383017945608777,0.021127701540456786,9.590284959190218e-05,0.00010002097759738773,4.506317958523617e-16,-0.00011714163651406896,1.1661242925369728e-05,0.02134712962004246,0.00011231036873491501,0.00011533926463078853,5.905442953004518e-16,0.00012231729742100708,1.3450887113717261e-05,0.021132521942994052,9.45156810027159e-05,8.573820160013082e-05,8.676969493752942e-16,-0.00011415728430077645,1.1683427956192346e-05,0.021383841637477932,9.58008789473351e-05,9.135424112851828e-05,0.999999999999998,0.00011013415715101208,1.1272803083095577e-05,1.0383501155265717
3.2942686080932617,0.021259729993408704,8.978996547963705e-05,9.746019517043597e-05,0.021268485923341813,9.144338236930644e-05,9.807596933884832e-05,1.1003580564364674,0.02103856680174228,8.909991260492439e-05,8.31343438714785e-05,0.0,-0.00011714163651406896,1.1661242925369728e-05,0.021339819395586972,9.726939958270425e-05,0.00010153311487432273,0.12153034653524589,0.00012231729742100708,1.3450887113717261e-05,0.021031572916385,8.59337140477999e-05,8.866439420944505e-05,3.4012979767226697e-15,-0.00011415728430077645,1.1683427956192346e-05,0.02126058263905347,9.090502722164384e-05,9.423266598766397e-05,0.8784696534647508,0.00011013415715101208,1.1272803083095577e-05,1.0871830289796467
3.306382179260254,0.021081147869723715,8.265391943836076e-05,8.905519013035351e-05,0.021087085097675498,8.707206761309275e-05,8.923734465218769e-05,1.0177404218312842,0.020883830611062727,8.599543441880492e-05,9.128611148053606e-05,0.011718975326041468,-0.00011714163651406896,1.1661242925369728e-05,0.021052469546839255,0.00011064507556057465,0.0001185327891464541,2.5786557532485647e-16,0.00012231729742100708,1.3450887113717261e-05,0.020893770242470192,0.00010325751260336843,9.315678571896954e-05,0.0,-0.00011415728430077645,1.1683427956192346e-05,0.02108794359946247,8.477325409561934e-05,8.846287614281204e-05,0.9882810246739583,0.00011013415715101208,1.1272803083095577e-05,0.9911853222095448
3.318450450897217,0.02141053334239033,8.62062230811804e-05,9.062059138735187e-05,0.021420470470149913,8.916607524225503e-05,8.830389419678744e-05,1.0022057345256894,0.021212200309288116,8.714976000660096e-05,9.410844780251282e-05,0.00018118534456552696,-0.00011714163651406896,1.1661242925369728e-05,0.02145068997345429,0.00010876321792576901,0.00011359159973621871,2.7194341841817805e-16,0.00012231729742100708,1.3450887113717261e-05,0.02122059124331155,9.744949509095727e-05,9.452795834205899e-05,0.0,-0.00011415728430077645,1.1683427956192346e-05,0.021417519605012092,8.657358241474788e-05,9.050579692350055e-05,0.9998188146554342,0.00011013415715101208,1.1272803083095577e-05,0.9985737194773326
3.330476999282837,0.021110750468513996,9.24431009132684e-05,8.801113606792324e-05,0.02111669812965273,9.182463351521328e-05,8.935490151617403e-05,1.000590476316361,0.02086444461932229,9.78286551936644e-05,9.6466662578093e-05,3.4032666143868597e-16,-0.00011714163651406896,1.1661242925369728e-05,0.021098247791649115,9.521166474805304e-05,0.00010352050919245487,0.007476060548269604,0.00012231729742100708,1.3450887113717261e-05,0.020870494310360276,9.938596626999849e-05,9.244698986960939e-05,6.42694110848221e-17,-0.00011415728430077645,1.1683427956192346e-05,0.021116783990320173,9.266262309056902e-05,8.840999284956408e-05,0.99252393945173,0.00011013415715101208,1.1272803083095577e-05,0.9965849117729325
3.3424601554870605,0.02125021466696267,9.835794186751137e-05,9.138571505617338e-05,0.021253792543541313,9.61601817763523e-05,9.300066937526635e-05,1.0530980857142056,0.021024869341986073,8.413451497456606e-05,9.548868795180784e-05,0.0,-0.00011714163651406896,1.1661242925369728e-05,0.02122526917173704,0.00010206060523935967,9.968542501709657e-05,0.0,0.00012231729742100708,1.3450887113717261e-05,0.0210341819565033,9.128093175183108e-05,8.905932759687568e-05,0.0,-0.00011415728430077645,1.1683427956192346e-05,0.021255527384633193,9.75512899576321e-05,9.242289313405455e-05,1.0,0.00011013415715101208,1.1272803083095577e-05,1.0563426875394217
3.354401111602783,0.021091500898995426,8.95363236155522e-05,9.101511362508488e-05,0.0210975315589618,9.067824231746499e-05,9.312277789203655e-05,1.0240773230922922,0.020868500658099517,0.0001077251108812724,9.328196728468699e-05,0.0,-0.00011714163651406896,1.1661242925369728e-05,0.02109270313943437,0.00011576038497381619,0.00011147460326190253,0.08071877669522194,0.00012231729742100708,1.3450887113717261e-05,0.02087028760913759,9.528967626768262e-05,9.452217092949591e-05,3.0166699782245065e-18,-0.00011415728430077645,1.1683427956192346e-05,0.02109766293619846,8.825766016353626e-05,9.122197097847368e-05,0.919281223304778,0.00011013415715101208,1.1272803083095577e-05,1.0059717422629373
3.3663008213043213,0.021212413183867445,9.827488810947374e-05,9.386517679510833e-05,0.02121910832531164,9.880495249548621e-05,9.595342177064897e-05,1.0610483291326454,0.02098423959910156,0.00010053410049748468,9.878698909653733e-05,0.0,-0.00011714163651406896,1.1661242925369728e-05,0.021291992005329684,0.00011150058760801829,0.00011434207366227758,0.09948233328067771,0.00012231729742100708,1.3450887113717261e-05,0.02099121342928431,0.00010065810472049963,0.00010191791138389888,1.5473183734398934e-16,-0.00011415728430077645,1.1683427956192346e-05,0.021213268923878384,9.465566947611942e-05,8.889711404820935e-05,0.9005176667193221,0.00011013415715101208,1.1272803083095577e-05,1.0467837164622191
3.378157615661621,0.021095196591963846,9.363094758501472e-05,8.4596677458363e-05,0.02109651745208666,0.00010120402415733296,8.764830752398464e-05,1.0823064598278485,0.02080472917839868,9.005866892319858e-05,9.665716837784291e-05,0.0,-0.00011714163651406896,1.1661242925369728e-05,0.02103041518230361,0.00011337736002789076,0.0001131205431725707,2.3706553572302513e-17,0.00012231729742100708,1.3450887113717261e-05,0.02081799182000018,9.437252171064919e-05,9.53673316775698e-05,0.0524413187259437,-0.00011415728430077645,1.1683427956192346e-05,0.02110194700521218,8.952844718547112e-05,8.496217879800164e-05,0.9475586812740563,0.00011013415715101208,1.1272803083095577e-05,1.0214166178775639
3.3899741172790527,0.02121723331548549,9.523480143656601e-05,9.354370391389741e-05,0.021224332524062584,9.621462754004148e-05,9.343972079100746e-05,1.014655474975652,0.021003489679879424,0.00010153334714430723,9.687348996128761e-05,0.0,-0.00011714163651406896,1.1661242925369728e-05,0.021239819091532962,0.00011554060500554297,0.00013329106434405505,2.663333461952866e-16,0.00012231729742100708,1.3450887113717261e-05,0.02099792781692613,8.705402389779654e-05,9.98609960360386e-05,7.316480979263339e-17,-0.00011415728430077645,1.1683427956192346e-05,0.021223936341664803,9.484899725533541e-05,9.384871838940406e-05,0.9999999999999996,0.00011013415715101208,1.1272803083095577e-05,1.0099696932717763
3.401750087738037,0.021310235644592394,8.469633828068687e-05,9.314941683410613e-05,0.02131635502706601,8.489866123013307e-05,9.049452029084859e-05,0.9955833579458491,0.02111401759080638,9.400217135067598e-05,9.063823884248451e-05,0.0,-0.00011714163651406896,1.1661242925369728e-05,0.021312811969009013,0.0001056248914753366,0.00010791192550216669,7.360893965086846e-14,0.00012231729742100708,1.3450887113717261e-05,0.021119586252288654,0.00010239734954416851,0.00010331483694894089,0.0,-0.00011415728430077645,1.1683427956192346e-05,0.02131709506456309,8.543926636482221e-05,9.0732000582492e-05,0.9999999999999263,0.00011013415715101208,1.1272803083095577e-05,1.0095048880359108
3.413484811782837,0.021293537054379964,8.780302154493685e-05,9.740620643430148e-05,0.021300639021262276,8.836636956153013e-05,9.569819604110866e-05,0.9948979306051304,0.0210716605842209,0.00010086774048625666,9.63679286753831e-05,2.418113892986313e-16,-0.00011714163651406896,1.1661242925369728e-05,0.021332443126685998,0.00013004439951406696,0.00011683052756350162,0.001318229063713185,0.00012231729742100708,1.3450887113717261e-05,0.021073364531575794,9.475048388189744e-05,0.00010233026234223244,0.0,-0.00011415728430077645,1.1683427956192346e-05,0.0212995230183698,8.818893699022792e-05,9.681955477604254e-05,0.9986817709362866,0.00011013415715101208,1.1272803083095577e-05,1.0010850108070795
3.425176858901977,0.021215405820725213,9.644211902600647e-05,9.794308877663499e-05,0.02122206414170489,9.561566824874482e-05,9.855007676780672e-05,1.0013471796888371,0.02104781705782449,0.00010071936891509203,9.757600564846286e-05,1.1565193164220981e-15,-0.00011714163651406896,1.1661242925369728e-05,0.021274522512949666,0.00011531429832360718,0.00011683367648916004,0.0,0.00012231729742100708,1.3450887113717261e-05,0.02105530467869777,0.00010422280683943658,9.757692165699577e-05,6.189640911622409e-16,-0.00011415728430077645,1.1683427956192346e-05,0.021221756510502537,9.602346486273228e-05,9.78810559218446e-05,0.9999999999999982,0.00011013415715101208,1.1272803083095577e-05,1.0024789881954255
3.4368252754211426,0.02117737334381,9.382691676976598e-05,9.965418988356484e-05,0.021183898060032718,9.175245913756874e-05,9.947997964316821e-05,1.0485546646219956,0.02101310855413456,9.931903558815791e-05,9.505190535528951e-05,2.115201102212953e-16,-0.00011714163651406896,1.1661242925369728e-05,0.02126355381306496,0.00011092789350853824,0.00011607754033118867,7.869695470686732e-15,0.00012231729742100708,1.3450887113717261e-05,0.021007553816325533,9.50714092679758e-05,8.730576688971772e-05,2.622651508282402e-16,-0.00011415728430077645,1.1683427956192346e-05,0.02118325026842441,9.362847797887708e-05,9.843420176282314e-05,0.9999999999999917,0.00011013415715101208,1.1272803083095577e-05,1.0608844304401128
3.4484331607818604,0.020980329354091762,9.905754962931737e-05,9.646876643049432e-05,0.020971794317313282,0.0001280845365705524,0.00010479517223719106,1.304889014124276,0.02074245418651343,8.701608627622107e-05,9.145097589307108e-05,4.912384518260257e-16,-0.00011714163651406896,1.1661242925369728e-05,0.020964958958849922,0.00011069669010691299,0.0001159140259554027,0.0,0.00012231729742100708,1.3450887113717261e-05,0.02074446642090546,9.557972426178785e-05,0.00010187030489147014,0.116804472198775,-0.00011415728430077645,1.1683427956192346e-05,0.020987714086488543,9.64497828104538e-05,9.599386141858485e-05,0.8831955278012246,0.00011013415715101208,1.1272803083095577e-05,1.095587688188296
3.460002899169922,0.021184559165817088,8.770642117068156e-05,8.725550900025997e-05,0.021192419642806652,8.712190631304448e-05,8.783915364417305e-05,0.995206654516958,0.021005315043131294,9.858035472751214e-05,8.883345919510205e-05,0.0,-0.00011714163651406896,1.1661242925369728e-05,0.0212329821397085,0.0001041316292465129,0.00011126162216315919,0.0,0.00012231729742100708,1.3450887113717261e-05,0.02101021692315121,9.357291667840689e-05,9.94556247117355e-05,0.0,-0.00011415728430077645,1.1683427956192346e-05,0.021191499449320424,8.842358563390662e-05,8.738016242497079e-05,1.0,0.00011013415715101208,1.1272803083095577e-05,0.9952116044326088
3.471534252166748,0.021390294291032664,9.742247107587601e-05,9.741215157097263e-05,0.021398382974851984,9.968947740423076e-05,9.485893491147784e-05,1.0009769852689865,0.021178937981625907,0.0001089090816777695,9.704016503884333e-05,0.0,-0.00011714163651406896,1.1661242925369728e-05,0.02138226249183331,0.0001188353082067356,0.0001258155526759376,0.0,0.00012231729742100708,1.3450887113717261e-05,0.021185339468851382,0.0001045380167544567,9.966358991502985e-05,5.1081073747322643e-17,-0.00011415728430077645,1.1683427956192346e-05,0.021397811349457764,9.886777982458239e-05,9.549074707344493e-05,1.0,0.00011013415715101208,1.1272803083095577e-05,1.002449574795713
3.4830265045166016,0.021163632747836822,0.00010767604862067098,0.00010035386148369088,0.021163380498136087,0.00010389287383008594,0.00010454453795902957,1.1080914620940139,0.02096353688179368,9.930755602440694e-05,9.652139584098371e-05,2.956886979278668e-15,-0.00011714163651406896,1.1661242925369728e-05,0.021203033823437127,0.000109254999931363,0.00011638029802252259,4.4728573947089195e-18,0.00012231729742100708,1.3450887113717261e-05,0.020969200054548366,9.650090851453033e-05,9.160397174077031e-05,3.2732543950679364e-15,-0.00011415728430077645,1.1683427956192346e-05,0.021166170417385263,0.00010411273924496034,0.00010181111071646404,0.9999999999999937,0.00011013415715101208,1.1272803083095577e-05,1.1059251084927646
3.494481325149536,0.021165454184813814,9.373786099006048e-05,8.720232151639834e-05,0.02117167005706164,9.476205253978326e-05,8.706744241908024e-05,1.0033707140063475,0.020955696042236193,9.67946284760289e-05,0.00010112913044546534,0.0,-0.00011714163651406896,1.1661242925369728e-05,0.021247566690739086,0.00012011105774670239,0.00011420978242411214,0.0,0.00012231729742100708,1.3450887113717261e-05,0.020969619715871173,9.846601919666007e-05,9.055528874301472e-05,0.0,-0.00011415728430077645,1.1683427956192346e-05,0.02117083480506185,9.324534850227092e-05,8.797331018554205e-05,1.0,0.00011013415715101208,1.1272803083095577e-05,0.998463313969044
3.505899429321289,0.021256752267792615,0.0001014209235807341,9.542824057012789e-05,0.02126403422984909,0.00010281765436706211,9.33786485861586e-05,0.996125651010292,0.021040837009135276,0.00010275668308614913,9.763198422774177e-05,0.0,-0.00011714163651406896,1.1661242925369728e-05,0.021369556347434093,0.00010231548554513747,0.00010980857912944869,9.967551828752062e-14,0.00012231729742100708,1.3450887113717261e-05,0.02104456413925279,9.925639839996475e-05,9.770299397612175e-05,0.0,-0.00011415728430077645,1.1683427956192346e-05,0.021263081971062497,0.00010181800377445996,9.521834749296604e-05,0.9999999999999003,0.00011013415715101208,1.1272803083095577e-05,0.9994403505012137
3.5172793865203857,0.021032843302456954,0.000100322551149893,0.00010519779322457415,0.021041339164602588,9.775133909785752e-05,0.00010469682774653585,1.029442672852873,0.020814020545947196,0.00010762360644324051,0.00011447613391134953,3.513810302566059e-17,-0.00011714163651406896,1.1661242925369728e-05,0.021078136199617785,0.0001203850816804547,0.00011543194109403174,0.1422090364288402,0.00012231729742100708,1.3450887113717261e-05,0.020817380448011798,9.545339528153549e-05,0.00010120463355590623,1.9983739502089956e-18,-0.00011415728430077645,1.1683427956192346e-05,0.021036499987205005,9.550196026812674e-05,0.00010305209372383356,0.8577909635711598,0.00011013415715101208,1.1272803083095577e-05,1.045064600664492
3.5286223888397217,0.021340078299586413,0.0001052074377966214,9.621958055899826e-05,0.021343769537851602,0.00010277929358819271,9.949600829638888e-05,1.0389565644537846,0.021139266508401536,0.0001064631913998762,9.011230446579963e-05,0.0,-0.00011714163651406896,1.1661242925369728e-05,0.021398010162138985,0.00010669967631203592,9.550671966356006e-05,3.3257513429768682e-15,0.00012231729742100708,1.3450887113717261e-05,0.021135875413212935,9.375528177627337e-05,0.00010093553476515221,0.0,-0.00011415728430077645,1.1683427956192346e-05,0.021345303965280324,0.00010431619194527578,9.737230633635047e-05,0.9999999999999968,0.00011013415715101208,1.1272803083095577e-05,1.034599484114654
3.5399296283721924,0.021271895224154364,9.075912940230413e-05,8.896682866690875e-05,0.02127987054731843,9.563884094249131e-05,8.711088797646108e-05,1.0090708995385549,0.02102840999410601,0.00010601152100106828,0.00010815400965474148,1.925647946929436e-15,-0.00011714163651406896,1.1661242925369728e-05,0.02117248287442441,0.000122503302703518,0.00013696872889340864,0.0,0.00012231729742100708,1.3450887113717261e-05,0.021032539432663207,9.12110688659519e-05,9.905427790181734e-05,1.5205894299517417e-15,-0.00011415728430077645,1.1683427956192346e-05,0.021280034221082475,9.445846546889819e-05,8.664846071688645e-05,0.9999999999999964,0.00011013415715101208,1.1272803083095577e-05,0.992374846475197
3.5512008666992188,0.02122094409890368,9.987183408328992e-05,0.00010728812755892922,0.02122651683676076,9.970490108757168e-05,0.00010775412778442697,1.0049894303500508,0.02096059107908649,0.00010654240427132589,0.00010417688295144209,0.0,-0.00011714163651406896,1.1661242925369728e-05,0.021251421111003123,0.00011575363153037282,0.00011729990200020843,0.0,0.00012231729742100708,1.3450887113717261e-05,0.020961651904067194,0.00011587665060475844,0.00011013549908680739,0.0,-0.00011415728430077645,1.1683427956192346e-05,0.02122658780270158,9.859695166722707e-05,0.00010783211376059337,1.0,0.00011013415715101208,1.1272803083095577e-05,1.0035406652298886
3.5624349117279053,0.021206397069435466,0.00010446747634240694,0.00010231164377441301,0.021212516451909084,0.00010488821965079498,0.00010280422291947602,1.0536574195050803,0.020980270437753825,9.933033630767432e-05,9.778538529738728e-05,0.0,-0.00011714163651406896,1.1661242925369728e-05,0.021158827768039346,0.0001108676615188646,0.00011079373353264921,3.6386957019988484e-16,0.00012231729742100708,1.3450887113717261e-05,0.020990386656591746,0.00010893720866031811,0.00010512636275793186,4.661497206303462e-17,-0.00011415728430077645,1.1683427956192346e-05,0.021211585836989216,0.0001039842970027606,0.00010373822884104586,0.9999999999999997,0.00011013415715101208,1.1272803083095577e-05,1.0490239866869666
3.573633909225464,0.02126932905413148,0.00010204447574145917,0.00010345178498168822,0.021273440245613524,0.00010267697801018272,0.00010309348567032542,1.0411702079243368,0.021042661167406558,9.596859934360782e-05,0.00010166523815422976,0.0,-0.00011714163651406896,1.1661242925369728e-05,0.021157151215586513,0.0001167824166624018,0.00012223774129900902,0.04949097933193497,0.00012231729742100708,1.3450887113717261e-05,0.021048869594633535,0.00010872751138702591,0.00010012533818459096,0.0,-0.00011415728430077645,1.1683427956192346e-05,0.021277486428886223,9.639245218942202e-05,0.00010245710465785207,0.950509020668065,0.00011013415715101208,1.1272803083095577e-05,1.0397827787227774
3.5847980976104736,0.02115784489841682,0.00010208983571306438,9.195590272433746e-05,0.021163964280890436,0.00010221245287195257,9.056412767589894e-05,0.9893233549124251,0.020908410546381824,0.00010729126470649872,0.00010984737981279899,0.0,-0.00011714163651406896,1.1661242925369728e-05,0.021166234907983476,0.00011961298651607527,0.00012010204409939815,0.0,0.00012231729742100708,1.3450887113717261e-05,0.020916574316533834,0.00011708946295304126,0.00010417295473984234,0.0,-0.00011415728430077645,1.1683427956192346e-05,0.021164287292489946,0.00010246246883835464,9.239453073679044e-05,1.0,0.00011013415715101208,1.1272803083095577e-05,0.9958366333284816
3.5959274768829346,0.02121293119311139,0.00010091013433462942,9.90421456786919e-05,0.021215751352793827,0.00010511050354595694,0.00010207180620674244,1.034113304903839,0.020979255316006952,0.00010648341909874973,0.0001047601204885,1.0044890953670799e-14,-0.00011714163651406896,1.1661242925369728e-05,0.021309115447222318,0.00012850004795380773,0.00012130390649761624,0.0,0.00012231729742100708,1.3450887113717261e-05,0.02096796916357256,0.00011187396218811235,0.0001168868597042523,0.0,-0.00011415728430077645,1.1683427956192346e-05,0.02121833146269729,0.0001007493266319548,9.95984580549128e-05,0.9999999999999899,0.00011013415715101208,1.1272803083095577e-05,0.9980259094246317
3.607021331787109,0.021051588488059634,0.00010246762206941873,0.00010622446272306324,0.021057554655087716,0.00010165818887125644,0.00010637076622625752,0.9976796825850767,0.020819678468053094,0.00010754883723102307,0.00010328003106178582,7.848241856252187e-17,-0.00011714163651406896,1.1661242925369728e-05,0.02098517508229221,0.00011741836083122709,0.00012608035859353398,0.0,0.00012231729742100708,1.3450887113717261e-05,0.020820875859231446,0.00011392210281833959,0.00010313981933389796,5.4563498965379727e-17,-0.00011415728430077645,1.1683427956192346e-05,0.021057775567580934,0.00010236291717805393,0.00010614985373303895,0.9999999999999998,0.00011013415715101208,1.1272803083095577e-05,1.000859965941681
3.6180808544158936,0.021198565082839505,0.00011367758219476762,0.00010273248093635098,0.021204320417763448,0.00011476680508024431,0.0001015143627128498,1.0346133955217827,0.020967621868573153,0.00010925343704035195,0.00010924144023514992,0.0,-0.00011714163651406896,1.1661242925369728e-05,0.021161869476980198,0.00012798621496077842,0.00012670597159231134,0.0,0.00012231729742100708,1.3450887113717261e-05,0.020961629213634127,0.00010029948053045037,0.00010874591626147678,0.0,-0.00011415728430077645,1.1683427956192346e-05,0.021204511164684536,0.00011409728090528218,0.0001003670839200034,1.0,0.00011013415715101208,1.1272803083095577e-05,1.0352299856979001
3.629106521606445,0.020987340809797733,0.00010963515626277037,0.00012255781895142634,0.02097624560416918,0.00014804705234833931,0.00013176524752308433,1.3767625854296617,0.020756192033878598,0.00010580877897611862,0.00010125097971397379,6.920259179067634e-18,-0.00011714163651406896,1.1661242925369728e-05,0.020936981181976032,0.00012143051847422065,0.00012714816400435924,0.0,0.00012231729742100708,1.3450887113717261e-05,0.020753211632998682,9.875437882903709e-05,0.00010448494713223566,0.14665557531562778,-0.00011415728430077645,1.1683427956192346e-05,0.020996196204249883,0.00011213309672254354,0.00012341117043123892,0.8533444246843722,0.00011013415715101208,1.1272803083095577e-05,1.1424608604460786
3.640098571777344,0.02096725351216107,9.95237523377275e-05,0.00011704180563096647,0.020956565977219524,0.00015035693485567977,0.00012432216346081743,1.310245636525672,0.020719287869037404,0.00010654608454272255,0.00010365300947506179,6.242950458619414e-17,-0.00011714163651406896,1.1661242925369728e-05,0.02102225526897651,0.00012749259862598894,0.00012138557890752771,4.2888690030164624e-18,0.00012231729742100708,1.3450887113717261e-05,0.02072268671938523,0.00010337599869775921,0.00010626339307678867,0.14624293150405732,-0.00011415728430077645,1.1683427956192346e-05,0.020980455067263544,0.00010239617400704948,0.00011440300940084372,0.8537570684959427,0.00011013415715101208,1.1272803083095577e-05,1.0330384768602778
3.651057481765747,0.021040601757950188,9.914798600944158e-05,0.00010526646839102011,0.021046411022735904,9.626917977752572e-05,0.00010503613108448981,0.9979128587184726,0.020808412078606404,0.00010154375991144535,0.00010018258232702762,5.465231413077848e-15,-0.00011714163651406896,1.1661242925369728e-05,0.020997352566347605,0.00013651758438555997,0.00012004827401089144,0.0,0.00012231729742100708,1.3450887113717261e-05,0.020817842919674805,0.00010111452336434776,0.0001027767944166702,2.6619657419453323e-15,-0.00011415728430077645,1.1683427956192346e-05,0.021046084786590882,9.741166990423836e-05,0.00010512217844903596,0.9999999999999918,0.00011013415715101208,1.1272803083095577e-05,1.0133255386091864
3.661986112594605,0.021158242233076233,0.00010027383939169299,9.979899308584436e-05,0.021164691436640768,9.796275936961932e-05,9.907240914309307e-05,1.0176171250646346,0.020918597352502788,0.00010321256563155037,0.00010541269553788687,4.117162458807136e-18,-0.00011714163651406896,1.1661242925369728e-05,0.021112060538766304,0.0001130744169353104,0.0001318549549511154,0.06951150157412933,0.00012231729742100708,1.3450887113717261e-05,0.020920985196479405,0.00010755064263666403,0.00010704178748354234,0.0,-0.00011415728430077645,1.1683427956192346e-05,0.021169053883999703,9.698398231991479e-05,9.664008675242669e-05,0.9304884984258706,0.00011013415715101208,1.1272803083095577e-05,1.0333055876580433
3.672884464263916,0.021138306773682117,0.0001030269468662165,0.00010749444627125918,0.021136915163899938,0.00012208331281718388,0.0001084326776345651,1.1537268126334248,0.020892807176334918,0.00010090647209884049,0.00010041991372789633,1.4586436747311098e-17,-0.00011714163651406896,1.1661242925369728e-05,0.02111732894316221,0.00011116147701572057,0.00012833483961531555,0.0,0.00012231729742100708,1.3450887113717261e-05,0.020884844054075778,9.954600290613957e-05,0.00010025518739955122,0.059488186637665384,-0.00011415728430077645,1.1683427956192346e-05,0.021145530450716658,0.00010348154422606254,0.00010683417751820856,0.9405118133623346,0.00011013415715101208,1.1272803083095577e-05,1.0536543491827213
3.683750629425049,0.0211650970226502,0.00011510808220581425,0.00010892403733296294,0.021169264946869232,0.00011447285242633873,0.0001108113969129805,1.0748759224779296,0.02099710873542144,0.00011127202496529279,9.831890979112787e-05,0.00023976741674433286,-0.00011714163651406896,1.1661242925369728e-05,0.0211712111532883,0.0001230876627781423,0.0001314063015795293,0.0,0.00012231729742100708,1.3450887113717261e-05,0.020993992699156576,0.00010475586457955183,0.00011236940401545062,2.331924055438449e-16,-0.00011415728430077645,1.1683427956192346e-05,0.021170690241484783,0.0001146012740034924,0.00011157204717964983,0.9997602325832554,0.00011013415715101208,1.1272803083095577e-05,1.0689017623741197
3.694584369659424,0.02109309327314858,0.00010853342758435774,9.849967267326273e-05,0.021098430504046254,0.00010470186404297477,0.00010367945318803112,0.9996612485150962,0.020851933003076778,0.00011016604818276168,0.00011383802566091936,0.0,-0.00011714163651406896,1.1661242925369728e-05,0.021073748373859634,0.00012243295740050134,0.00014586140201447786,8.785268514884853e-18,0.00012231729742100708,1.3450887113717261e-05,0.020853297145826344,0.0001121794178225409,0.00010730733762791961,0.0,-0.00011415728430077645,1.1683427956192346e-05,0.021098472755456062,0.00010700394589328865,0.00010144798473874991,1.0,0.00011013415715101208,1.1272803083095577e-05,0.9931934889251631
3.70538592338562,0.02102986848565348,0.00010294322031661682,0.00010592996612683939,0.021036892302520177,0.00010486601866808998,0.0001092031998901205,1.0053794298955887,0.020824037746826285,0.00011525335734735229,0.00011032222180605566,6.55072280112312e-16,-0.00011714163651406896,1.1661242925369728e-05,0.02102965388295737,0.00012491948694200172,0.00012378725198379514,0.0,0.00012231729742100708,1.3450887113717261e-05,0.020826032151001882,0.00010854823604444439,0.00010554243938444216,3.7617050876779006e-16,-0.00011415728430077645,1.1683427956192346e-05,0.02103577255480878,0.00010258781792140889,0.00011033599192861177,0.9999999999999989,0.00011013415715101208,1.1272803083095577e-05,0.9809761838780847
3.716155529022217,0.021147115978651338,0.00013342408764723326,0.00012642099680280558,0.021152377037332547,0.0001378886397661802,0.00012675051139076493,1.0158818002491132,0.02090092389740795,0.0001356648586649488,0.00013724715006824956,0.0,-0.00011714163651406896,1.1661242925369728e-05,0.021104362516115915,0.00014911922402699104,0.00015204526758957199,0.0,0.00012231729742100708,1.3450887113717261e-05,0.020902582870752147,0.0001491379169193431,0.00012648266743647482,8.404008034997939e-18,-0.00011415728430077645,1.1683427956192346e-05,0.021152334701201224,0.0001352404702814787,0.00012526144154728983,1.0,0.00011013415715101208,1.1272803083095577e-05,0.9974786082216494
