hostname_nn,letter_nn,Event,ProposalCategory,ProposalID,Cycle,Observation,Status,ObservingMode,GratingGrism,Subarray,ReadoutPattern,Groups,StartTime,EndTime,Hours,LastName,ProprietaryPeriod,EquatorialCoordinates,sy_kmag,sy_dist,st_teff,st_mass,st_rad,st_logg,pl_orbper,pl_orbsmax,pl_orbincl,pl_massj,pl_radj,pl_g_SI,pl_dens_cgs,pl_Teq_K,pl_trandep,pl_trandur,pl_TSM_K,pl_ESM_3um,PlanWindow,st_met,spectrum,published,nasa_pl_name,pl_name,default_flag,hostname,pl_bmasse,pl_bmasseerr1,pl_bmasseerr2,pl_dens,pl_denserr1,pl_denserr2,pl_eqt,pl_letter,pl_orbper_y,pl_orbsmax_y,pl_rade,pl_radeerr1,pl_radeerr2,pl_trandur_y,rowupdate,st_rad_y,st_teff_y,sy_dist_y,sy_jmag,sy_kmag_y,target_id
LTT 9779,b,PhaseC,GTO,1201,1,2,Executed,SOSS,X,SUBSTRIP256,NISRAPID,2,44749.01,44749.98,26.51,Lafreniere,12,23 54 40.5304 -37 37 41.61,8.016,80.44,5443.0,1.02,0.949,4.386,0.7920642,0.017,76.39,0.092,0.421,14.75,1.87,1973.2,0.1,0.5,184.25,33.89,X,0.27,,,LTT 9779 b,LTT 9779 b,1.0,LTT 9779,29.32,0.78,-0.81,1.536,0.123,-0.123,1978.0,b,0.792052,0.01679,4.72,0.23,-0.23,0.466,17/9/2020,0.949,5443.0,80.4373,8.446,8.016,LTT 9779b
GJ 3470,b,Transit,GTO,1185,1,16,Executed,GTS,GRISMR+F322W2,SUBGRISM256,BRIGHT2,4,44865.57,44865.86,7.49,Greene,12,07 59 5.6405 +15 23 28.35,7.989,29.42,3600.0,0.524,0.5,4.738,3.3366496,0.036,88.88,0.044,0.37,9.05,1.31,651.3,0.6,1.9,353.73,1.9,X,0.2,clear,yes,GJ 3470 b,GJ 3470 b,1.0,GJ 3470,13.9,1.5,-1.5,0.8,0.13,-0.13,593.5,b,3.3366496,0.0355,4.57,0.18,-0.18,1.8580034,28/1/2019,0.547,3600.0,29.4214,8.794,7.989,GJ 3470b
GJ 3470,b,Transit,GTO,1185,1,17,Executed,GTS,GRISMR+F444W,SUBGRISM256,BRIGHT2,7,44868.9,44869.19,7.49,Greene,12,07 59 5.6405 +15 23 28.35,7.989,29.42,3600.0,0.524,0.5,4.738,3.3366496,0.036,88.88,0.044,0.37,9.05,1.31,651.3,0.6,1.9,353.73,1.9,X,0.2,,,GJ 3470 b,GJ 3470 b,1.0,GJ 3470,13.9,1.5,-1.5,0.8,0.13,-0.13,593.5,b,3.3366496,0.0355,4.57,0.18,-0.18,1.8580034,28/1/2019,0.547,3600.0,29.4214,8.794,7.989,GJ 3470b
K2-18,b,Transit,GO,2722,1,1,Executed,BOTS,G395H,SUB2048,NRSRAPID,12,44946.78,44947.05,7.16,Madhusudhan,12,11 30 14.4311 +07 35 16.13,8.899,38.03,3457.0,0.413,0.411,4.786,32.9398375,0.146,89.58,0.027,0.203,18.6,4.89,279.6,0.3,2.7,38.9,0.0,X,0.12,,,K2-18 b,K2-18 b,1.0,K2-18,8.92,1.7,-1.6,4.11,1.72,-1.18,284.0,b,32.939623,0.1429,2.37,0.22,-0.22,2.3059589,18/3/2019,0.411,3457.0,38.0266,9.763,8.899,K2-18b
TOI-836,c,Transit,GO,2512,1,8,Executed,BOTS,G395H,SUB2048,NRSRAPID,3,44973.5,44973.83,8.91,Batalha,0,15 00 19.1712 -24 27 15.11,6.804,27.5,4514.0,0.678,0.678,4.662,8.5954646,0.075,88.7,0.03,0.233,15.75,3.61,654.2,0.1,2.5,119.0,0.49,X,-0.28,flat,yes,TOI-836 c,TOI-836 c,1.0,TOI-836,9.6,2.7,-2.5,3.06,0.48,-0.54,665.0,c,8.59545,0.075,2.587,0.088,-0.088,2.486,25/2/2023,0.665,4552.0,27.5024,7.58,6.804,TOI-836c
TOI-836,b,Transit,GO,2512,1,9,Executed,BOTS,G395H,SUB2048,NRSRAPID,3,44989.7,44989.98,7.16,Batalha,0,15 00 19.1712 -24 27 15.11,6.804,27.5,4514.0,0.678,0.678,4.662,3.8167281,0.042,87.57,0.014,0.152,17.6,6.21,872.2,0.1,1.7,92.23,1.11,X,-0.28,flat,yes,TOI-836 b,TOI-836 b,1.0,TOI-836,4.53,0.92,-0.86,5.02,0.36,-0.44,871.0,b,3.81673,0.0422,1.704,0.067,-0.067,1.805,25/2/2023,0.665,4552.0,27.5024,7.58,6.804,TOI-836b
TOI-836,b,Transit,GO,2512,1,10,Executed,BOTS,G395H,SUB2048,NRSRAPID,3,44993.52,44993.79,7.16,Batalha,0,15 00 19.1712 -24 27 15.11,6.804,27.5,4514.0,0.678,0.678,4.662,3.8167281,0.042,87.57,0.014,0.152,17.6,6.21,872.2,0.1,1.7,92.23,1.11,X,-0.28,,,TOI-836 b,TOI-836 b,1.0,TOI-836,4.53,0.92,-0.86,5.02,0.36,-0.44,871.0,b,3.81673,0.0422,1.704,0.067,-0.067,1.805,25/2/2023,0.665,4552.0,27.5024,7.58,6.804,TOI-836b
K2-18,b,Transit,GO,2372,1,3,Failed,BOTS,G395H,SUB2048,NRSRAPID,16,45045.53,45045.55,11.35,Hu,12,11 30 14.4338 +07 35 16.19,8.899,38.03,3457.0,0.413,0.411,4.786,32.9398375,0.146,89.58,0.027,0.203,18.6,4.89,279.6,0.3,2.7,38.9,0.0,X,0.12,,,K2-18 b,K2-18 b,1.0,K2-18,8.92,1.7,-1.6,4.11,1.72,-1.18,284.0,b,32.939623,0.1429,2.37,0.22,-0.22,2.3059589,18/3/2019,0.411,3457.0,38.0266,9.763,8.899,K2-18b
TOI-776,c,Transit,GO,2512,1,3,Executed,BOTS,G395H,SUB2048,NRSRAPID,7,45057.79,45058.14,9.55,Batalha,0,11 54 18.7193 -37 33 12.08,7.615,27.17,3717.0,0.544,0.538,4.731,15.6653276,0.1,89.51,0.019,0.183,16.31,4.78,415.6,0.1,3.0,62.4,0.01,X,-0.2,flat,yes,TOI-776 c,TOI-776 c,1.0,TOI-776,6.9,2.6,-2.5,4.4,1.8,-1.6,420.0,c,15.665323,0.1001,2.047,0.081,-0.078,2.932,10/6/2024,0.547,3725.0,27.1701,8.483,7.615,TOI-776c
TOI-776,b,Transit,GO,2512,1,6,Executed,BOTS,G395H,SUB2048,NRSRAPID,7,45070.07,45070.4,8.74,Batalha,0,11 54 18.7193 -37 33 12.08,7.615,27.17,3717.0,0.544,0.538,4.731,8.2466166,0.065,89.65,0.014,0.16,15.6,5.2,514.7,0.1,2.4,70.97,0.06,X,-0.2,flat,yes,TOI-776 b,TOI-776 b,1.0,TOI-776,5.0,1.6,-1.6,4.8,1.8,-1.6,520.0,b,8.24662,0.0653,1.798,0.078,-0.077,2.382,10/6/2024,0.547,3725.0,27.1701,8.483,7.615,TOI-776b
TOI-776,c,Transit,GO,2512,1,4,Executed,BOTS,G395H,SUB2048,NRSRAPID,7,45073.47,45073.81,9.55,Batalha,0,11 54 18.7193 -37 33 12.08,7.615,27.17,3717.0,0.544,0.538,4.731,15.6653276,0.1,89.51,0.019,0.183,16.31,4.78,415.6,0.1,3.0,62.4,0.01,X,-0.2,,,TOI-776 c,TOI-776 c,1.0,TOI-776,6.9,2.6,-2.5,4.4,1.8,-1.6,420.0,c,15.665323,0.1001,2.047,0.081,-0.078,2.932,10/6/2024,0.547,3725.0,27.1701,8.483,7.615,TOI-776c
K2-18,b,Transit,GO,2722,1,3,Executed,SOSS,X,SUBSTRIP256,NISRAPID,4,45078.58,45078.82,6.94,Madhusudhan,12,11 30 14.4311 +07 35 16.13,8.899,38.03,3457.0,0.413,0.411,4.786,32.9398375,0.146,89.58,0.027,0.203,18.6,4.89,279.6,0.3,2.7,38.9,0.0,X,0.12,clear,yes,K2-18 b,K2-18 b,1.0,K2-18,8.92,1.7,-1.6,4.11,1.72,-1.18,284.0,b,32.939623,0.1429,2.37,0.22,-0.22,2.3059589,18/3/2019,0.411,3457.0,38.0266,9.763,8.899,K2-18b
TOI-776,b,Transit,GO,2512,1,5,Executed,BOTS,G395H,SUB2048,NRSRAPID,7,45086.56,45086.89,8.74,Batalha,0,11 54 18.7193 -37 33 12.08,7.615,27.17,3717.0,0.544,0.538,4.731,8.2466166,0.065,89.65,0.014,0.16,15.6,5.2,514.7,0.1,2.4,70.97,0.06,X,-0.2,,,TOI-776 b,TOI-776 b,1.0,TOI-776,5.0,1.6,-1.6,4.8,1.8,-1.6,520.0,b,8.24662,0.0653,1.798,0.078,-0.077,2.382,10/6/2024,0.547,3725.0,27.1701,8.483,7.615,TOI-776b
LP 791-18,c,Transit,GTO,1201,1,401,Executed,BOTS,PRISM,SUB512,NRSRAPID,6,45094.68,45094.89,5.22,Lafreniere,12,11 02 45.7162 -16 24 23.20,10.644,26.49,2960.0,0.139,0.171,5.115,4.9899134,0.03,89.55,0.022,0.218,13.38,3.29,343.9,1.9,1.2,183.37,0.01,X,-0.09,clear,no,LP 791-18 c,LP 791-18 c,1.0,LP 791-18,7.1,0.7,-0.7,,,,324.4,c,4.9899093,0.02961,2.438,0.096,-0.096,1.167,14/5/2023,0.182,2960.0,26.4927,11.559,10.644,LP 791-18c
LHS 1140,b,Transit,GO,2334,1,2,Executed,BOTS,G235H,SUB2048,NRSRAPID,8,45112.83,45113.11,7.26,Damiano,12,00 44 59.6717 -15 16 26.79,8.821,14.99,3131.0,0.179,0.214,5.049,24.737165,0.094,89.89,0.0176,0.1543,24.48,5.9,226.0,0.5,2.1,69.87,0.0,X,-0.24,unsure,yes,LHS 1140 b,LHS 1140 b,1.0,LHS 1140,5.6,0.19,-0.19,5.9,0.3,-0.3,226.0,b,24.73723,0.0946,1.73,0.025,-0.025,2.15,4/3/2024,0.2159,3096.0,14.9861,9.612001,8.821,LHS 1140b
HD 15337,b,Transit,GO,2512,1,17,Executed,BOTS,G395H,SUB2048,NRSRAPID,4,45123.91,45124.25,9.04,Batalha,0,02 27 28.2923 -27 38 10.02,7.044,44.82,5131.0,0.851,0.848,4.428,4.7560652,0.052,88.5,0.023,0.153,27.51,9.64,996.3,0.0,2.5,38.8,0.99,X,0.03,unsure,no,HD 15337 b,HD 15337 b,1.0,HD 15337,6.519,0.409,-0.4,6.458,0.518,-0.51,909.53,b,4.7559804,0.05245,1.77,0.032,-0.03,2.5469696,12/2/2025,0.855,5131.0,44.8155,7.553,7.044,HD 15337b
GJ 1214,b,Transit,GTO,1185,1,18,Executed,BOTS,G395H,SUB2048,NRSRAPID,16,45125.26,45125.51,6.37,Greene,12,17 15 19.5552 +04 57 38.07,8.782,14.64,3026.0,0.157,0.211,5.0,1.5804046,0.015,88.94,0.02,0.24,9.86,2.2,549.1,1.3,0.9,680.55,1.24,X,0.1,flat,yes,GJ 1214 b,GJ 1214 b,1.0,GJ 1214,8.41,0.36,-0.35,2.26,0.11,-0.11,567.0,b,1.580404531,0.01505,2.733,0.033,-0.031,0.86966,25/3/2024,0.2162,3101.0,14.6427,9.75,8.782,GJ 1214b
GJ 1214,b,Transit,GTO,1185,1,19,Executed,BOTS,G395H,SUB2048,NRSRAPID,16,45126.84,45127.09,6.37,Greene,12,17 15 19.5552 +04 57 38.07,8.782,14.64,3026.0,0.157,0.211,5.0,1.5804046,0.015,88.94,0.02,0.24,9.86,2.2,549.1,1.3,0.9,680.55,1.24,X,0.1,,,GJ 1214 b,GJ 1214 b,1.0,GJ 1214,8.41,0.36,-0.35,2.26,0.11,-0.11,567.0,b,1.580404531,0.01505,2.733,0.033,-0.031,0.86966,25/3/2024,0.2162,3101.0,14.6427,9.75,8.782,GJ 1214b
HD 15337,c,Transit,GO,2512,1,18,Executed,BOTS,G395H,SUB2048,NRSRAPID,4,45131.17,45131.44,7.8,Batalha,0,02 27 28.2923 -27 38 10.02,7.044,44.82,5131.0,0.851,0.848,4.428,17.179473,0.125,88.41,0.026,0.219,15.06,3.68,644.2,0.1,2.2,65.71,0.18,X,0.03,unsure,no,HD 15337 c,HD 15337 c,1.0,HD 15337,6.792,1.302,-1.143,2.303,0.505,-0.414,592.77,c,17.180546,0.1235,2.526,0.086,-0.075,2.1004813,12/2/2025,0.855,5131.0,44.8155,7.553,7.044,HD 15337c
LHS 1140,b,Transit,GO,2334,1,1,Executed,BOTS,G395H,SUB2048,NRSRAPID,15,45137.57,45137.84,7.26,Damiano,12,00 44 59.6717 -15 16 26.79,8.821,14.99,3131.0,0.179,0.214,5.049,24.737165,0.094,89.89,0.0176,0.1543,24.48,5.9,226.0,0.5,2.1,69.87,0.0,X,-0.24,,,LHS 1140 b,LHS 1140 b,1.0,LHS 1140,5.6,0.19,-0.19,5.9,0.3,-0.3,226.0,b,24.73723,0.0946,1.73,0.025,-0.025,2.15,4/3/2024,0.2159,3096.0,14.9861,9.612001,8.821,LHS 1140b
GJ 3090,b,Transit,GO,4098,2,13,Executed,BOTS,G395H,SUB2048,NRSRAPID,4,45140.66,45140.86,5.22,Benneke,0,01 21 45.2173 -46 42 53.04,7.294,22.48,3629.5,0.519,0.518,4.745,2.8531035,0.032,87.14,0.011,0.185,8.69,2.51,708.0,0.1,1.2,252.99,1.03,X,-0.06,,,GJ 3090 b,GJ 3090 b,1.0,GJ 3090,3.34,0.72,-0.72,1.89,0.52,-0.45,693.0,b,2.8531054,0.03165,2.13,0.11,-0.11,1.281,28/11/2023,0.516,3556.0,22.4751,8.168,7.294,GJ 3090b
TOI-178,d,Transit,GO,2319,1,1,Executed,BOTS,G395M,SUB2048,NRSRAPID,7,45144.91,45145.21,8.42,Hooton,12,00 29 12.4828 -30 27 14.82,8.656,62.7,4213.5,0.65,0.656,4.503,6.5577756,0.059,88.58,0.009,0.228,5.15,1.21,676.3,0.1,2.2,167.33,0.3,X,-0.23,unsure,no,TOI-178 d,TOI-178 d,1.0,TOI-178,3.01,0.8,-1.03,0.976,0.3,-0.34,690.0,d,6.5577,0.0592,2.572,0.075,-0.078,2.346,12/3/2021,0.651,4316.0,62.699,9.372,8.656,TOI-178d
HD 15337,c,Transit,GO,2512,1,19,Executed,BOTS,G395H,SUB2048,NRSRAPID,4,45165.43,45165.73,7.8,Batalha,0,02 27 28.2923 -27 38 10.02,7.044,44.82,5131.0,0.851,0.848,4.428,17.179473,0.125,88.41,0.026,0.219,15.06,3.68,644.2,0.1,2.2,65.71,0.18,X,0.03,unsure,no,HD 15337 c,HD 15337 c,1.0,HD 15337,6.792,1.302,-1.143,2.303,0.505,-0.414,592.77,c,17.180546,0.1235,2.526,0.086,-0.075,2.1004813,12/2/2025,0.855,5131.0,44.8155,7.553,7.044,HD 15337c
TOI-421,b,Transit,GO,1935,1,2,Executed,BOTS,G395M,SUB2048,NRSRAPID,4,45179.42,45179.63,5.53,Kempton,12,05 27 24.8259 -14 16 37.05,8.071,74.8,5325.0,0.842,0.866,4.48,5.197576,0.056,85.68,0.022,0.236,11.15,2.53,1012.5,0.0,1.1,89.72,1.42,X,-0.03,clear,yes,TOI-421 b,TOI-421 b,1.0,TOI-421,6.7,0.6,-0.6,2.040038,0.275681,-0.275681,922.0,b,5.197576,0.0554,2.64,0.08,-0.08,1.09,7/8/2024,0.866,5291.0,74.7969,8.547,8.071,TOI-421b
GJ 3090,b,Transit,GO,4098,2,14,Executed,BOTS,G395H,SUB2048,NRSRAPID,4,45192.01,45192.22,5.22,Benneke,0,01 21 45.2173 -46 42 53.04,7.294,22.48,3629.5,0.519,0.518,4.745,2.8531035,0.032,87.14,0.011,0.185,8.69,2.51,708.0,0.1,1.2,252.99,1.03,X,-0.06,,,GJ 3090 b,GJ 3090 b,1.0,GJ 3090,3.34,0.72,-0.72,1.89,0.52,-0.45,693.0,b,2.8531054,0.03165,2.13,0.11,-0.11,1.281,28/11/2023,0.516,3556.0,22.4751,8.168,7.294,GJ 3090b
TOI-421,b,Transit,GO,1935,1,1,Executed,SOSS,X,SUBSTRIP96,NISRAPID,3,45236.56,45236.79,5.6,Kempton,12,05 27 24.8259 -14 16 37.05,8.071,74.8,5325.0,0.842,0.866,4.48,5.197576,0.056,85.68,0.022,0.236,11.15,2.53,1012.5,0.0,1.1,89.72,1.42,X,-0.03,,,TOI-421 b,TOI-421 b,1.0,TOI-421,6.7,0.6,-0.6,2.040038,0.275681,-0.275681,922.0,b,5.197576,0.0554,2.64,0.08,-0.08,1.09,7/8/2024,0.866,5291.0,74.7969,8.547,8.071,TOI-421b
GJ 9827,d,Transit,GO,4098,2,7,Executed,SOSS,X,SUBSTRIP256,NISRAPID,2,45240.32,45240.5,5.07,Benneke,0,23 27 5.2388 -01 17 7.13,7.193,29.66,4255.0,0.62,0.602,4.68,6.2014698,0.056,87.44,0.01,0.18,8.98,2.66,671.8,0.1,1.2,175.62,0.41,X,-0.29,clear,yes,GJ 9827 d,GJ 9827 d,1.0,GJ 9827,3.02,0.58,-0.57,2.51,0.57,-0.51,675.0,d,6.20183,0.053,1.98,0.11,-0.1,1.248,15/10/2024,0.58,4236.0,29.661,7.984,7.193,GJ 9827d
TOI-178,g,Transit,GO,2319,1,102,Executed,BOTS,G395M,SUB2048,NRSRAPID,7,45241.12,45241.43,8.21,Hooton,12,00 29 12.4828 -30 27 14.82,8.656,62.7,4213.5,0.65,0.676,4.503,20.709002,0.128,88.82,0.012,0.295,4.03,0.73,467.9,0.2,2.2,183.19,0.03,X,-0.23,unsure,no,TOI-178 g,TOI-178 g,1.0,TOI-178,3.94,1.31,-1.62,0.915,0.36,-0.37,470.0,g,20.7095,0.1275,2.87,0.14,-0.13,2.167,12/3/2021,0.651,4316.0,62.699,9.372,8.656,TOI-178g
GJ 9827,d,Transit,GO,4098,2,8,Executed,SOSS,X,SUBSTRIP256,NISRAPID,2,45246.45,45246.66,5.07,Benneke,0,23 27 5.2388 -01 17 7.13,7.193,29.66,4255.0,0.62,0.602,4.68,6.2014698,0.056,87.44,0.01,0.18,8.98,2.66,671.8,0.1,1.2,175.62,0.41,X,-0.29,,,GJ 9827 d,GJ 9827 d,1.0,GJ 9827,3.02,0.58,-0.57,2.51,0.57,-0.51,675.0,d,6.20183,0.053,1.98,0.11,-0.1,1.248,15/10/2024,0.58,4236.0,29.661,7.984,7.193,GJ 9827d
TOI-260,b,Transit,GO,2512,1,1,Executed,BOTS,G395H,SUB2048,NRSRAPID,3,45246.76,45247.06,7.75,Batalha,0,00 19 5.5243 -09 57 58.14,6.549,20.19,4050.0,0.582,0.607,4.646,13.4758478,0.093,88.84,0.012,0.153,14.43,5.06,499.9,0.1,2.1,90.97,0.05,X,-0.34,unsure,no,TOI-260 b,TOI-260 b,1.0,TOI-260,4.23,1.6,-1.6,4.66,1.89,-1.89,493.0,b,13.475853,0.0943,1.71,0.08,-0.08,2.37,30/8/2024,0.607,4026.0,20.1852,7.376,6.549,TOI-260b
TOI-260,b,Transit,GO,2512,1,2,Executed,BOTS,G395H,SUB2048,NRSRAPID,3,45260.25,45260.53,7.75,Batalha,0,00 19 5.5243 -09 57 58.14,6.549,20.19,4050.0,0.582,0.607,4.646,13.4758478,0.093,88.84,0.012,0.153,14.43,5.06,499.9,0.1,2.1,90.97,0.05,X,-0.34,unsure,no,TOI-260 b,TOI-260 b,1.0,TOI-260,4.23,1.6,-1.6,4.66,1.89,-1.89,493.0,b,13.475853,0.0943,1.71,0.08,-0.08,2.37,30/8/2024,0.607,4026.0,20.1852,7.376,6.549,TOI-260b
LHS 1140,b,Transit,DD,6543,2,1,Executed,SOSS,X,SUBSTRIP256,NISRAPID,3,45261.25,45261.55,7.88,Cadieux,0,00 44 59.3309 -15 16 17.54,8.821,14.99,3131.0,0.179,0.214,5.049,24.737165,0.094,89.89,0.0176,0.1543,24.48,5.9,226.0,0.5,2.1,69.87,0.0,X,-0.24,,,LHS 1140 b,LHS 1140 b,1.0,LHS 1140,5.6,0.19,-0.19,5.9,0.3,-0.3,226.0,b,24.73723,0.0946,1.73,0.025,-0.025,2.15,4/3/2024,0.2159,3096.0,14.9861,9.612001,8.821,LHS 1140b
GJ 3090,b,Transit,GO,4098,2,12,Executed,SOSS,X,SUBSTRIP256,NISRAPID,2,45266.19,45266.4,5.19,Benneke,0,01 21 45.2173 -46 42 53.04,7.294,22.48,3629.5,0.519,0.518,4.745,2.8531035,0.032,87.14,0.011,0.185,8.69,2.51,708.0,0.1,1.2,252.99,1.03,X,-0.06,unsure,yes,GJ 3090 b,GJ 3090 b,1.0,GJ 3090,3.34,0.72,-0.72,1.89,0.52,-0.45,693.0,b,2.8531054,0.03165,2.13,0.11,-0.11,1.281,28/11/2023,0.516,3556.0,22.4751,8.168,7.294,GJ 3090b
LHS 1140,b,Transit,DD,6543,2,2,Executed,SOSS,X,SUBSTRIP256,NISRAPID,3,45285.98,45286.29,7.88,Cadieux,0,00 44 59.6827 -15 16 27.09,8.821,14.99,3131.0,0.179,0.214,5.049,24.737165,0.094,89.89,0.0176,0.1543,24.48,5.9,227.5,0.5,2.1,69.87,0.0,X,-0.24,,,LHS 1140 b,LHS 1140 b,1.0,LHS 1140,5.6,0.19,-0.19,5.9,0.3,-0.3,226.0,b,24.73723,0.0946,1.73,0.025,-0.025,2.15,4/3/2024,0.2159,3096.0,14.9861,9.612001,8.821,LHS 1140b
K2-18,b,Transit,GO,2372,1,1,Executed,BOTS,G235H,SUB2048,NRSRAPID,9,45309.04,45309.47,11.34,Hu,12,11 30 14.4338 +07 35 16.19,8.899,38.03,3457.0,0.413,0.411,4.786,32.9398375,0.146,89.58,0.027,0.203,18.6,4.89,279.6,0.3,2.7,38.9,0.0,X,0.12,,,K2-18 b,K2-18 b,1.0,K2-18,8.92,1.7,-1.6,4.11,1.72,-1.18,284.0,b,32.939623,0.1429,2.37,0.22,-0.22,2.3059589,18/3/2019,0.411,3457.0,38.0266,9.763,8.899,K2-18b
LTT 3780,c,Transit,GO,3557,2,4,Executed,SOSS,X,SUBSTRIP256,NISRAPID,2,45402.79,45402.98,4.67,Madhusudhan,12,10 18 34.7652 -11 43 4.21,8.204,21.98,3344.5,0.381,0.377,4.873,12.252202,0.076,89.13,0.024,0.208,15.54,4.0,358.8,0.3,1.5,99.86,0.0,X,0.09,,,LTT 3780 c,LTT 3780 c,1.0,LTT 3780,8.04,0.5,-0.48,3.24,0.55,-0.43,359.0,c,12.252284,0.0757,2.39,0.1,-0.11,1.54,26/3/2024,0.38,3358.0,21.9814,9.007,8.204001,LTT 3780c
TOI-1231,b,Transit,GO,3557,2,2,Executed,BOTS,G395H,SUB2048,NRSRAPID,7,45412.12,45412.39,7.36,Madhusudhan,12,10 26 59.3375 -52 28 4.16,8.069,27.62,3544.0,0.485,0.471,4.808,24.2455413,0.129,89.73,0.048,0.336,12.18,1.94,326.7,0.6,3.3,130.1,0.0,X,0.04,clear,no,TOI-1231 b,TOI-1231 b,1.0,TOI-1231,15.4,3.3,-3.3,1.74,0.47,-0.42,329.6,b,24.245586,0.1288,3.65,0.16,-0.15,3.24,9/11/2021,0.476,3553.0,27.6227,8.876,8.069,TOI-1231b
LTT 3780,c,Transit,GO,3557,2,5,Executed,BOTS,G395H,SUB2048,NRSRAPID,7,45439.57,45439.75,4.6,Madhusudhan,12,10 18 34.7652 -11 43 4.21,8.204,21.98,3344.5,0.381,0.377,4.873,12.252202,0.076,89.13,0.024,0.208,15.54,4.0,358.8,0.3,1.5,99.86,0.0,X,0.09,,,LTT 3780 c,LTT 3780 c,1.0,LTT 3780,8.04,0.5,-0.48,3.24,0.55,-0.43,359.0,c,12.252284,0.0757,2.39,0.1,-0.11,1.54,26/3/2024,0.38,3358.0,21.9814,9.007,8.204001,LTT 3780c
K2-18,b,Transit,GO,2372,1,7,Executed,BOTS,G395H,SUB2048,NRSRAPID,16,45440.8,45441.23,11.34,Hu,12,11 30 14.4338 +07 35 16.19,8.899,38.03,3457.0,0.413,0.411,4.786,32.9398375,0.146,89.58,0.027,0.203,18.6,4.89,279.6,0.3,2.7,38.9,0.0,X,0.12,,,K2-18 b,K2-18 b,1.0,K2-18,8.92,1.7,-1.6,4.11,1.72,-1.18,284.0,b,32.939623,0.1429,2.37,0.22,-0.22,2.3059589,18/3/2019,0.411,3457.0,38.0266,9.763,8.899,K2-18b
GJ 9827,d,Transit,GO,4098,2,10,Executed,BOTS,G395H,SUB2048,NRSRAPID,4,45451.12,45451.33,5.09,Benneke,0,23 27 5.2388 -01 17 7.13,7.193,29.66,4255.0,0.62,0.602,4.68,6.2014698,0.056,87.44,0.01,0.18,8.98,2.66,671.8,0.1,1.2,175.62,0.41,X,-0.29,,,GJ 9827 d,GJ 9827 d,1.0,GJ 9827,3.02,0.58,-0.57,2.51,0.57,-0.51,675.0,d,6.20183,0.053,1.98,0.11,-0.1,1.248,15/10/2024,0.58,4236.0,29.661,7.984,7.193,GJ 9827d
GJ 3090,b,Transit,GO,4098,2,111,Executed,SOSS,X,SUBSTRIP256,NISRAPID,2,45477.31,45477.53,5.19,Benneke,0,01 21 45.2173 -46 42 53.04,7.294,22.48,3629.5,0.519,0.518,4.745,2.8531035,0.032,87.14,0.011,0.185,8.69,2.51,708.0,0.1,1.2,252.99,1.03,X,-0.06,,,GJ 3090 b,GJ 3090 b,1.0,GJ 3090,3.34,0.72,-0.72,1.89,0.52,-0.45,693.0,b,2.8531054,0.03165,2.13,0.11,-0.11,1.281,28/11/2023,0.516,3556.0,22.4751,8.168,7.294,GJ 3090b
HAT-P-11,b,Transit,GO,4105,2,2,Executed,BOTS,G395H,SUB2048,NRSRAPID,3,45486.75,45487.03,7.1,Alderson,12,19 50 50.4423 +48 04 54.71,7.009,37.76,4777.6,0.81,0.755,4.59,4.8878027,0.053,89.36,0.081,0.43,12.42,1.55,869.5,0.4,2.4,247.39,5.89,X,0.31,,,HAT-P-11 b,HAT-P-11 b,1.0,HAT-P-11,23.51930212,1.27131363,-1.27131363,1.172,0.085,-0.085,847.0,b,4.888,0.05258,4.901,0.065,-0.065,2.3565,24/2/2025,0.74,4653.0,37.7647,7.608,7.009,HAT-P-11b
TOI-1468,c,Transit,GO,3557,2,8,Executed,BOTS,G395H,SUB2048,NRSRAPID,10,45487.93,45488.13,5.16,Madhusudhan,12,01 06 36.9279 +19 13 29.60,8.497,24.74,3382.0,0.346,0.369,4.855,15.532477,0.086,89.28,0.017,0.184,14.12,4.1,337.8,0.3,1.8,83.49,0.0,X,-0.02,,,TOI-1468 c,TOI-1468 c,1.0,TOI-1468,4.1,1.1,-1.1,2.31,0.72,-0.66,338.1,c,15.532477,0.08608,2.126,0.092,-0.093,1.86,11/6/2025,0.3714,3376.0,24.7399,9.343,8.497,TOI-1468c
HAT-P-11,b,Transit,GO,4105,2,1,Executed,BOTS,G395H,SUB2048,NRSRAPID,3,45491.63,45491.92,7.1,Alderson,12,19 50 50.4423 +48 04 54.71,7.009,37.76,4777.6,0.81,0.755,4.59,4.8878027,0.053,89.36,0.081,0.43,12.42,1.55,869.5,0.4,2.4,247.39,5.89,X,0.31,,,HAT-P-11 b,HAT-P-11 b,1.0,HAT-P-11,23.51930212,1.27131363,-1.27131363,1.172,0.085,-0.085,847.0,b,4.888,0.05258,4.901,0.065,-0.065,2.3565,24/2/2025,0.74,4653.0,37.7647,7.608,7.009,HAT-P-11b
TOI-270,d,Transit,GTO,2759,2,1,Executed,SOSS,X,SUBSTRIP256,NISRAPID,3,45510.36,45510.67,8.53,Lafreniere,12,04 33 39.8638 -51 57 26.75,8.251,22.48,3446.0,0.4,0.38,4.856,11.379573,0.073,89.69,0.015,0.193,11.46,3.18,379.9,0.3,2.2,128.15,0.01,X,-0.17,clear,yes,TOI-270 d,TOI-270 d,1.0,TOI-270,4.78,0.43,-0.43,2.72,0.33,-0.33,387.0,d,11.379573,0.0721,2.133,0.058,-0.058,2.2350305,3/8/2021,0.378,3506.0,22.4793,9.099,8.251,TOI-270d
TOI-1130,b,Transit,GO,3385,2,2,Executed,BOTS,G395H,SUB2048,NRSRAPID,8,45524.36,45524.68,8.12,Huang,12,19 05 30.2409 -41 26 15.50,8.351,58.26,4250.0,0.698,0.695,4.6,4.07445,0.045,87.98,0.061,0.326,16.39,2.69,809.3,0.3,2.1,93.64,1.79,X,0.2,clear,no,TOI-1130 b,TOI-1130 b,1.0,TOI-1130,19.8,0.2,-0.3,2.23,0.06,-0.06,825.0,b,4.074554,0.0453,3.66,0.03,-0.04,1.8373729,30/8/2024,0.697,4360.0,58.2609,9.055,8.351,TOI-1130b
TOI-1130,b,Transit,GO,3385,2,4,Executed,SOSS,X,SUBSTRIP256,NISRAPID,2,45528.45,45528.77,8.07,Huang,12,19 05 30.2409 -41 26 15.50,8.351,58.26,4250.0,0.698,0.695,4.6,4.07445,0.045,87.98,0.061,0.326,16.39,2.69,809.3,0.3,2.1,93.64,1.79,X,0.2,,,TOI-1130 b,TOI-1130 b,1.0,TOI-1130,19.8,0.2,-0.3,2.23,0.06,-0.06,825.0,b,4.074554,0.0453,3.66,0.03,-0.04,1.8373729,30/8/2024,0.697,4360.0,58.2609,9.055,8.351,TOI-1130b
TOI-125,b,Transit,GO,4126,2,101,Executed,BOTS,G395H,SUB2048,NRSRAPID,22,45564.78,45565.16,9.97,Fisher,12,01 34 22.4221 -66 40 34.86,8.995,111.06,5282.0,0.871,0.851,4.517,4.6528365,0.052,88.92,0.03,0.243,14.32,3.15,1030.6,0.1,3.0,49.67,1.12,X,0.07,unsure,no,TOI-125 b,TOI-125 b,1.0,TOI-125,9.5,0.88,-0.88,2.57,0.33,-0.33,1037.0,b,4.65382,0.05186,2.726,0.075,-0.075,2.9616,6/2/2020,0.848,5320.0,111.059,9.466,8.995,TOI-125b
LTT 9779,b,PhaseC,GO,3231,2,1,Executed,BOTS,G395H,SUB2048,NRSRAPID,7,45582.32,45583.22,24.97,Crossfield,12,23 54 40.5408 -37 37 41.64,8.016,80.44,5443.0,1.02,0.949,4.386,0.7920642,0.017,76.39,0.092,0.421,14.75,1.87,1973.2,0.1,0.5,184.25,33.89,X,0.27,,,LTT 9779 b,LTT 9779 b,1.0,LTT 9779,29.32,0.78,-0.81,1.536,0.123,-0.123,1978.0,b,0.792052,0.01679,4.72,0.23,-0.23,0.466,17/9/2020,0.949,5443.0,80.4373,8.446,8.016,LTT 9779b
TOI-4010,b,Transit,GO,5894,3,1,Executed,BOTS,PRISM,SUB512,NRSRAPID,5,45610.91,45611.16,6.22,Kunimoto,12,01 20 51.5598 +66 04 19.91,10.157,177.5,4924.0,0.88,0.855,4.495,1.3483213,0.023,88.1,0.035,0.277,12.76,2.46,1450.9,0.1,1.8,52.71,3.33,X,0.37,unsure,no,TOI-4010 b,TOI-4010 b,1.0,TOI-4010,11.0,1.29,-1.27,2.2,0.3,-0.3,1441.0,b,1.348335,0.0229,3.02,0.08,-0.08,1.77,27/6/2023,0.83,4960.0,177.504,10.649,10.157,TOI-4010b
TOI-125,c,Transit,GO,4126,2,201,Executed,BOTS,G395H,SUB2048,NRSRAPID,22,45622.73,45623.12,9.95,Fisher,12,01 34 22.4221 -66 40 34.86,8.995,111.06,5282.0,0.871,0.851,4.517,9.1526075,0.082,88.54,0.021,0.246,9.76,2.12,822.5,0.1,2.9,58.89,0.39,X,0.07,unsure,no,TOI-125 c,TOI-125 c,1.0,TOI-125,6.63,0.99,-0.99,1.73,0.33,-0.33,827.8,c,9.15059,0.0814,2.759,0.1,-0.1,2.9544,6/2/2020,0.848,5320.0,111.059,9.466,8.995,TOI-125c
GJ 9827,d,Transit,GO,4098,2,91,Executed,BOTS,G395H,SUB2048,NRSRAPID,4,45624.77,45624.98,5.09,Benneke,0,23 27 5.2388 -01 17 7.13,7.193,29.66,4255.0,0.62,0.602,4.68,6.2014698,0.056,87.44,0.01,0.18,8.98,2.66,671.8,0.1,1.2,175.62,0.41,X,-0.29,,,GJ 9827 d,GJ 9827 d,1.0,GJ 9827,3.02,0.58,-0.57,2.51,0.57,-0.51,675.0,d,6.20183,0.053,1.98,0.11,-0.1,1.248,15/10/2024,0.58,4236.0,29.661,7.984,7.193,GJ 9827d
TOI-1468,c,Transit,GO,3557,2,7,Executed,SOSS,X,SUBSTRIP256,NISRAPID,3,45627.7,45627.92,5.44,Madhusudhan,12,01 06 36.9279 +19 13 29.60,8.497,24.74,3382.0,0.346,0.369,4.855,15.532477,0.086,89.28,0.017,0.184,14.12,4.1,337.8,0.3,1.8,83.49,0.0,X,-0.02,,,TOI-1468 c,TOI-1468 c,1.0,TOI-1468,4.1,1.1,-1.1,2.31,0.72,-0.66,338.1,c,15.532477,0.08608,2.126,0.092,-0.093,1.86,11/6/2025,0.3714,3376.0,24.7399,9.343,8.497,TOI-1468c
K2-18,b,Transit,GO,2372,1,4,Executed,BOTS,G395H,SUB2048,NRSRAPID,16,45638.44,45638.87,11.34,Hu,12,11 30 14.4338 +07 35 16.19,8.899,38.03,3457.0,0.413,0.411,4.786,32.9398375,0.146,89.58,0.027,0.203,18.6,4.89,279.6,0.3,2.7,38.9,0.0,X,0.12,,,K2-18 b,K2-18 b,1.0,K2-18,8.92,1.7,-1.6,4.11,1.72,-1.18,284.0,b,32.939623,0.1429,2.37,0.22,-0.22,2.3059589,18/3/2019,0.411,3457.0,38.0266,9.763,8.899,K2-18b
K2-18,b,Transit,GO,2372,1,2,Executed,BOTS,G235H,SUB2048,NRSRAPID,9,45671.38,45671.81,11.34,Hu,12,11 30 14.4338 +07 35 16.19,8.899,38.03,3457.0,0.413,0.411,4.786,32.9398375,0.146,89.58,0.027,0.203,18.6,4.89,279.6,0.3,2.7,38.9,0.0,X,0.12,,,K2-18 b,K2-18 b,1.0,K2-18,8.92,1.7,-1.6,4.11,1.72,-1.18,284.0,b,32.939623,0.1429,2.37,0.22,-0.22,2.3059589,18/3/2019,0.411,3457.0,38.0266,9.763,8.899,K2-18b
TOI-1231,b,Transit,GO,3557,2,1,Executed,SOSS,X,SUBSTRIP256,NISRAPID,2,45678.79,45679.1,7.66,Madhusudhan,12,10 26 59.3375 -52 28 4.16,8.069,27.62,3544.0,0.485,0.471,4.808,24.2455413,0.129,89.73,0.048,0.336,12.18,1.94,326.7,0.6,3.3,130.1,0.0,X,0.04,,,TOI-1231 b,TOI-1231 b,1.0,TOI-1231,15.4,3.3,-3.3,1.74,0.47,-0.42,329.6,b,24.245586,0.1288,3.65,0.16,-0.15,3.24,9/11/2021,0.476,3553.0,27.6227,8.876,8.069,TOI-1231b
GJ 3470,b,Transit,GTO,4536,3,1,Executed,BOTS,G395H,SUB2048,NRSRAPID,9,45723.07,45723.36,7.06,Greene,12,07 59 5.6341 +15 23 28.32,7.989,29.42,3600.0,0.524,0.5,4.738,3.3366496,0.036,88.88,0.044,0.37,9.05,1.31,651.3,0.6,1.9,353.73,1.9,X,0.2,clear,no,GJ 3470 b,GJ 3470 b,1.0,GJ 3470,13.9,1.5,-1.5,0.8,0.13,-0.13,593.5,b,3.3366496,0.0355,4.57,0.18,-0.18,1.8580034,28/1/2019,0.547,3600.0,29.4214,8.794,7.989,GJ 3470b
K2-18,b,Transit,GO,2372,1,5,Executed,BOTS,G395H,SUB2048,NRSRAPID,16,45803.14,45803.57,11.34,Hu,12,11 30 14.4338 +07 35 16.19,8.899,38.03,3457.0,0.413,0.411,4.786,32.9398375,0.146,89.58,0.027,0.203,18.6,4.89,279.6,0.3,2.7,38.9,0.0,X,0.12,,,K2-18 b,K2-18 b,1.0,K2-18,8.92,1.7,-1.6,4.11,1.72,-1.18,284.0,b,32.939623,0.1429,2.37,0.22,-0.22,2.3059589,18/3/2019,0.411,3457.0,38.0266,9.763,8.899,K2-18b
TOI-4336 A,b,Transit,GO,4711,3,1,Executed,SOSS,X,SUBSTRIP96,NISRAPID,9,45836.16,45836.48,8.59,Hu,12,13 44 25.4773 -40 20 15.52,8.632,22.55,3331.5,0.331,0.327,4.912,16.3363503,0.087,89.55,-1.0,0.186,-1.0,-1.0,311.2,0.4,2.0,-1.0,0.0,X,-0.21,,,TOI-4336 A b,TOI-4336 A b,1.0,TOI-4336 A,,,,,,,308.0,b,16.336334,0.0872,2.12,0.08,-0.09,2.0897,8/5/2024,0.328,3298.0,22.5455,9.453,8.632,TOI-4336 Ab
LHS 1140,b,Transit,GO,7073,4,24,Executed,BOTS,G395M,SUB2048,NRSRAPID,7,45854.97,45855.24,6.82,Lustig-Yaeger,0,00 44 59.3309 -15 16 17.54,8.821,14.99,3131.0,0.179,0.214,5.049,24.737165,0.094,89.89,0.0176,0.1543,24.48,5.9,227.5,0.5,2.1,69.87,0.0,X,-0.24,,,LHS 1140 b,LHS 1140 b,1.0,LHS 1140,5.6,0.19,-0.19,5.9,0.3,-0.3,226.0,b,24.73723,0.0946,1.73,0.025,-0.025,2.15,4/3/2024,0.2159,3096.0,14.9861,9.612001,8.821,LHS 1140b
HAT-P-11,b,Transit,GO,5924,3,1,Executed,SOSS,X,SUBSTRIP96,NISRAPID,3,45877.79,45878.1,7.78,Sing,0,19 50 50.2473 +48 04 51.10,7.009,37.76,4777.6,0.81,0.755,4.59,4.8878027,0.053,89.36,0.081,0.43,12.42,1.55,869.5,0.4,2.4,247.39,5.89,X,0.31,clear,no,HAT-P-11 b,HAT-P-11 b,1.0,HAT-P-11,23.51930212,1.27131363,-1.27131363,1.172,0.085,-0.085,847.0,b,4.888,0.05258,4.901,0.065,-0.065,2.3565,24/2/2025,0.74,4653.0,37.7647,7.608,7.009,HAT-P-11b
LHS 1140,b,Transit,GO,7073,4,21,Executed,SOSS,X,SUBSTRIP256,NISRAPID,5,45879.7,45879.98,7.04,Lustig-Yaeger,0,00 44 59.3309 -15 16 17.54,8.821,14.99,3131.0,0.179,0.214,5.049,24.737165,0.094,89.89,0.0176,0.1543,24.48,5.9,227.5,0.5,2.1,69.87,0.0,X,-0.24,,,LHS 1140 b,LHS 1140 b,1.0,LHS 1140,5.6,0.19,-0.19,5.9,0.3,-0.3,226.0,b,24.73723,0.0946,1.73,0.025,-0.025,2.15,4/3/2024,0.2159,3096.0,14.9861,9.612001,8.821,LHS 1140b
