wavelength,wavelength_err
0.5132758617401123,0.0013508051633834839
0.5159869194030762,0.0013706684112548828
0.5187585353851318,0.001394525170326233
0.5215650200843811,0.0014147758483886719
0.5244176387786865,0.0014401078224182129
0.527325451374054,0.0014607161283493042
0.5302605032920837,0.00148753821849823
0.5332756042480469,0.0015148520469665527
0.53631991147995,0.0015368610620498657
0.5394230484962463,0.0015664398670196533
0.5425856709480286,0.0014816075563430786
0.5453494787216187,0.0015097707509994507
0.5486247539520264,0.00164814293384552
0.5519420504570007,0.0016707628965377808
0.5553078055381775,0.001704573631286621
0.5587603449821472,0.0017388314008712769
0.5622631311416626,0.0017648488283157349
0.5658197402954102,0.0017990320920944214
0.5694592595100403,0.0018368512392044067
0.5731671452522278,0.001869484782218933
0.576937198638916,0.001901477575302124
0.5807730555534363,0.0019401907920837402
0.584697961807251,0.001981988549232483
0.5887010097503662,0.002020105719566345
0.5927783846855164,0.0020581483840942383
0.5969336032867432,0.0020980089902877808
0.6011704206466675,0.0021398812532424927
0.6054931282997131,0.002186805009841919
0.6099176406860352,0.002234742045402527
0.6144320964813232,0.00228060781955719
0.6190400719642639,0.0023282617330551147
0.6237451434135437,0.0023777037858963013
0.6285508871078491,0.0024289190769195557
0.6334608197212219,0.002481892704963684
0.6384784579277039,0.0025366097688674927
0.6436072587966919,0.0025930851697921753
0.6488507986068726,0.0026512742042541504
0.6542123556137085,0.0027111470699310303
0.6596953868865967,0.0027727484703063965
0.6653033494949341,0.00283794105052948
0.6710471510887146,0.0029071271419525146
0.6769318580627441,0.0029765963554382324
0.6829535365104675,0.003045886754989624
0.6891154050827026,0.003116786479949951
0.6954206824302673,0.003194570541381836
0.70189368724823,0.003275841474533081
0.7085240483283997,0.003353789448738098
0.7153088450431824,0.003438323736190796
0.7222773432731628,0.0035268664360046387
0.7294163107872009,0.0036146044731140137
0.7367357611656189,0.003708094358444214
0.7442486882209778,0.003803938627243042
0.7519515156745911,0.0039020925760269165
0.7598570585250854,0.004005566239356995
0.767973780632019,0.004109472036361694
0.7762949466705322,0.004218563437461853
0.7848480343818665,0.0043333470821380615
0.7936283349990845,0.004447966814041138
0.802639901638031,0.004565998911857605
0.8118923306465149,0.004688635468482971
0.8213944435119629,0.004815533757209778
0.831154465675354,0.0049469321966171265
0.8411821722984314,0.005082383751869202
0.8514840006828308,0.00522083044052124
0.8620654940605164,0.005362018942832947
0.8729320764541626,0.005505844950675964
0.8840888738632202,0.00565202534198761
0.895540177822113,0.005803167819976807
0.9073015451431274,0.005958333611488342
0.9193735122680664,0.006113499402999878
0.931755542755127,0.006273016333580017
0.9444655776023865,0.00643487274646759
0.9574950337409973,0.0065965354442596436
0.970851719379425,0.006762206554412842
0.9845438599586487,0.006928384304046631
0.9985652565956116,0.007093653082847595
1.012918472290039,0.007259801030158997
1.0276044607162476,0.0074259936809539795
1.042622447013855,0.007591336965560913
1.0579698085784912,0.0077547430992126465
1.0736414194107056,0.007915198802947998
1.0896306037902832,0.008072584867477417
1.1059317588806152,0.00822785496711731
1.1225420236587524,0.008379966020584106
1.1394516229629517,0.008526027202606201
1.1566461324691772,0.008668243885040283
1.1741245985031128,0.008804678916931152
1.1918648481369019,0.008934736251831055
1.209863543510437,0.009058982133865356
1.2281007766723633,0.00917506217956543
1.2465637922286987,0.009285211563110352
1.2652416229248047,0.009387940168380737
1.2841155529022217,0.00948229432106018
1.3031708002090454,0.009571224451065063
1.322400450706482,0.009653031826019287
1.3417829275131226,0.009725242853164673
1.3613014221191406,0.009789079427719116
1.380939245223999,0.009844928979873657
1.4006811380386353,0.009893298149108887
1.4205124378204346,0.009934395551681519
1.4404187202453613,0.009968370199203491
1.4603859186172485,0.009995520114898682
1.480400800704956,0.010016143321990967
1.5004504919052124,0.010030537843704224
1.520522952079773,0.010038822889328003
1.5406057834625244,0.010040462017059326
1.5606848001480103,0.01003679633140564
1.580752968788147,0.010029315948486328
1.6008020639419556,0.010017544031143188
1.6208231449127197,0.010001510381698608
1.64080810546875,0.00998157262802124
1.6607494354248047,0.009958058595657349
1.6806403398513794,0.009931236505508423
1.7004743814468384,0.00990140438079834
1.7202459573745728,0.009868830442428589
1.7399497032165527,0.00983378291130066
1.7595810890197754,0.009797126054763794
1.779138207435608,0.009759873151779175
1.798620581626892,0.00972050428390503
1.818020224571228,0.009678125381469727
1.837333083152771,0.009634017944335938
1.8565562963485718,0.009588479995727539
1.8756870031356812,0.009541898965835571
1.894723892211914,0.009494632482528687
1.913665533065796,0.009446650743484497
1.932510495185852,0.009397894144058228
1.9512571096420288,0.009348303079605103
1.9699037075042725,0.009298443794250488
1.9884508848190308,0.009248614311218262
2.0068981647491455,0.009199827909469604
2.025250196456909,0.0091513991355896
2.043503761291504,0.009101569652557373
2.0616564750671387,0.009050607681274414
2.0797061920166016,0.008999764919281006
2.0976555347442627,0.008949220180511475
2.1155030727386475,0.008898556232452393
2.1332497596740723,0.008848309516906738
2.1508963108062744,0.008798062801361084
2.1684420108795166,0.008748173713684082
2.1858890056610107,0.008698582649230957
2.2032363414764404,0.008649170398712158
2.2204856872558594,0.008600294589996338
2.237637519836426,0.008549213409423828
2.2546825408935547,0.008497238159179688
2.2716264724731445,0.008447468280792236
2.2884724140167236,0.008399665355682373
2.305225133895874,0.008353173732757568
2.321885108947754,0.008306443691253662
2.3384509086608887,0.008260190486907959
2.3549258708953857,0.008214950561523438
2.3713107109069824,0.008169710636138916
2.3876047134399414,0.008124709129333496
2.4038095474243164,0.008080601692199707
2.4199271202087402,0.008037030696868896
2.435957670211792,0.007993698120117188
2.451901912689209,0.00795060396194458
2.4677600860595703,0.007908999919891357
2.4835379123687744,0.007870078086853027
2.4992403984069824,0.007830977439880371
2.514861822128296,0.00779038667678833
2.5304019451141357,0.007749795913696289
2.545861005783081,0.0077095627784729
2.5612401962280273,0.007669806480407715
2.576540231704712,0.007630407810211182
2.591761827468872,0.0075914859771728516
2.6069061756134033,0.0075531005859375
2.621974229812622,0.0075151920318603516
2.6369669437408447,0.007477700710296631
2.6518850326538086,0.0074405670166015625
2.666729211807251,0.007403850555419922
2.6815004348754883,0.007367551326751709
2.696199417114258,0.007331669330596924
2.710827112197876,0.007293283939361572
2.725372552871704,0.00725400447845459
2.7398431301116943,0.007218003273010254
2.754244565963745,0.00718379020690918
2.768578290939331,0.007150173187255859
2.7828452587127686,0.007116913795471191
2.797045946121216,0.0070839524269104
2.81118106842041,0.00705111026763916
2.8252503871917725,0.0070188045501708984
2.8392562866210938,0.006987094879150391
2.853198766708374,0.006955742835998535
2.867079257965088,0.006924629211425781
2.880897283554077,0.006893575191497803
2.894653558731079,0.006863117218017578
2.9083497524261475,0.006833255290985107
2.9219865798950195,0.006803452968597412
2.935563564300537,0.006773769855499268
2.9490816593170166,0.0067465901374816895
2.962549924850464,0.006720185279846191
2.9759624004364014,0.00669175386428833
2.989316940307617,0.0066634416580200195
3.0026161670684814,0.006635785102844238
3.015860080718994,0.006607949733734131
3.029047966003418,0.006580531597137451
3.042182207107544,0.006553590297698975
3.055262327194214,0.006526648998260498
3.068288803100586,0.006500422954559326
3.081264019012451,0.0064740777015686035
3.0941851139068604,0.006447970867156982
3.107055902481079,0.00642240047454834
3.1198747158050537,0.006396889686584473
3.132643461227417,0.006371915340423584
3.145362377166748,0.006346940994262695
3.1580312252044678,0.006322324275970459
3.17065167427063,0.006297886371612549
3.183222770690918,0.006273984909057617
3.1957476139068604,0.006250262260437012
3.208223819732666,0.006226599216461182
3.220654010772705,0.0062032341957092285
3.233036756515503,0.006179988384246826
3.2453739643096924,0.006157040596008301
3.257664918899536,0.0061342716217041016
3.269911050796509,0.006111860275268555
3.2821123600006104,0.006089389324188232
3.2942686080932617,0.006067454814910889
3.306382179260254,0.0060454607009887695
3.318450450897217,0.006023705005645752
3.330476999282837,0.0060024261474609375
3.3424601554870605,0.005981028079986572
3.354401111602783,0.0059601664543151855
3.3663008213043213,0.005939126014709473
3.378157615661621,0.005918323993682861
3.3899741172790527,0.005898118019104004
3.401750087738037,0.005877673625946045
3.413484811782837,0.005856692790985107
3.4251768589019775,0.005835115909576416
3.4368252754211426,0.005814075469970703
3.4484331607818604,0.005794405937194824
3.460002899169922,0.005775272846221924
3.471534252166748,0.005755901336669922
3.4830265045166016,0.0057367682456970215
3.494481325149536,0.005718231201171875
3.505899429321289,0.005699515342712402
3.5172793865203857,0.005680739879608154
3.5286223888397217,0.00566256046295166
3.5399296283721924,0.005644619464874268
3.5512008666992188,0.005626320838928223
3.5624349117279053,0.005608260631561279
3.573633909225464,0.00559079647064209
3.5847980976104736,0.005573391914367676
3.5959274768829346,0.0055558085441589355
3.6070213317871094,0.005538344383239746
3.6180808544158936,0.005521297454833984
3.6291065216064453,0.005504429340362549
3.6400985717773438,0.0054877400398254395
3.651057481765747,0.0054718852043151855
3.6619861125946045,0.005456745624542236
3.672884464263916,0.005441129207611084
3.683750629425049,0.005424976348876953
3.694584369659424,0.005408823490142822
3.70538592338562,0.005392789840698242
3.716155529022217,0.005376696586608887
3.7268927097320557,0.005360722541809082
3.737598419189453,0.00534510612487793
3.7482731342315674,0.005329608917236328
3.7589168548583984,0.005314230918884277
3.7695300579071045,0.005298972129821777
3.7801127433776855,0.005283772945404053
3.7906651496887207,0.005268692970275879
3.801187515258789,0.005253612995147705
3.8116796016693115,0.005238652229309082
3.8221421241760254,0.0052239298820495605
3.8325753211975098,0.00520932674407959
3.8429794311523438,0.005194902420043945
3.8533549308776855,0.005180478096008301
3.863701343536377,0.005166172981262207
3.8740196228027344,0.0051520466804504395
3.8843095302581787,0.005138516426086426
3.89457368850708,0.005125701427459717
3.9048123359680176,0.005112588405609131
3.9150240421295166,0.005098879337310791
3.9252078533172607,0.005085110664367676
3.9353644847869873,0.005071580410003662
3.9454941749572754,0.005058109760284424
3.955596923828125,0.0050446391105651855
3.965672731399536,0.0050313472747802734
3.975722312927246,0.005018115043640137
3.9857451915740967,0.005005002021789551
3.9957423210144043,0.00499194860458374
4.005712985992432,0.0049790143966674805
4.015658378601074,0.004966259002685547
4.025578022003174,0.0049533843994140625
4.0354719161987305,0.00494074821472168
4.0453410148620605,0.004928231239318848
4.055184841156006,0.004915714263916016
4.065003871917725,0.004903316497802734
4.074798107147217,0.004891037940979004
4.084568023681641,0.0048787593841552734
4.094313144683838,0.004866600036621094
4.104034423828125,0.004854559898376465
4.113731384277344,0.004842519760131836
4.123404502868652,0.004830002784729004
4.13305139541626,0.00481724739074707
4.142673492431641,0.004805207252502441
4.1522722244262695,0.004793524742126465
4.1618475914001465,0.004781961441040039
4.17140007019043,0.004770517349243164
4.180929660797119,0.004758954048156738
4.190435886383057,0.004747509956359863
4.199919700622559,0.00473630428314209
4.209381103515625,0.004725098609924316
4.218820095062256,0.004714012145996094
4.228237152099609,0.004703044891357422
4.2376322746276855,0.00469207763671875
4.247005462646484,0.004681110382080078
4.256356716156006,0.004670143127441406
4.26568603515625,0.004659295082092285
4.274993896484375,0.004648566246032715
4.284280300140381,0.004637956619262695
4.293545722961426,0.0046274662017822266
4.30279016494751,0.004616975784301758
4.312013626098633,0.00460660457611084
4.321216583251953,0.004596114158630371
4.330398082733154,0.0045855045318603516
4.3395586013793945,0.004575371742248535
4.348699569702148,0.004565238952636719
4.357819557189941,0.004554271697998047
4.366916656494141,0.0045430660247802734
4.3759918212890625,0.004532337188720703
4.385046005249023,0.004522204399108887
4.394080638885498,0.004512429237365723
4.403095722198486,0.004502773284912109
4.4120917320251465,0.004493117332458496
4.42106819152832,0.004483222961425781
4.43002462387085,0.004473447799682617
4.438961982727051,0.004463911056518555
4.447880268096924,0.004454493522644043
4.456779956817627,0.004445075988769531
4.465660572052002,0.004435420036315918
4.474521636962891,0.004426002502441406
4.483364582061768,0.004416823387145996
4.492188930511475,0.004407763481140137
4.500995635986328,0.004398345947265625
4.509782314300537,0.004388928413391113
4.518551349639893,0.004379987716674805
4.527302265167236,0.004371166229248047
4.536036014556885,0.004361987113952637
4.544750213623047,0.0043528079986572266
4.553447246551514,0.0043441057205200195
4.562126636505127,0.004335284233093262
4.570788383483887,0.004326343536376953
4.579432010650635,0.004317522048950195
4.5880584716796875,0.004309177398681641
4.596668720245361,0.0043010711669921875
4.605262756347656,0.004292845726013184
4.613840103149414,0.004284381866455078
4.622400283813477,0.0042760372161865234
4.63094425201416,0.004267454147338867
4.639470100402832,0.00425875186920166
4.647979259490967,0.004250645637512207
4.656472682952881,0.004242300987243652
4.664948463439941,0.004233717918395996
4.673407554626465,0.004225611686706543
4.681850910186768,0.00421750545501709
4.690277576446533,0.004209160804748535
4.698687553405762,0.004200935363769531
4.707081317901611,0.00419306755065918
4.715459823608398,0.004184842109680176
4.723820686340332,0.004176735877990723
4.732166767120361,0.004169106483459473
4.74049711227417,0.004160881042480469
4.748810291290283,0.004153013229370117
4.75710916519165,0.004145383834838867
4.765391826629639,0.004137277603149414
4.773658275604248,0.004129648208618164
4.781910419464111,0.004122018814086914
4.790146350860596,0.004114031791687012
4.798366546630859,0.0041065216064453125
4.806572437286377,0.004099011421203613
4.814762592315674,0.0040912628173828125
4.822937488555908,0.004083871841430664
4.8310980796813965,0.004076242446899414
4.839242458343506,0.004068613052368164
4.847372531890869,0.004061341285705566
4.855487823486328,0.004053711891174316
4.863587379455566,0.004046440124511719
4.871673583984375,0.004039287567138672
4.879744529724121,0.004031777381896973
4.887800693511963,0.0040247440338134766
4.895843505859375,0.004017353057861328
4.903870105743408,0.0040100812911987305
4.91188383102417,0.004003167152404785
4.919882774353027,0.0039958953857421875
4.927867412567139,0.003988981246948242
4.93583869934082,0.003981828689575195
4.9437947273254395,0.0039746761322021484
4.951737403869629,0.003967881202697754
4.9596662521362305,0.003960847854614258
4.967580795288086,0.003954052925109863
4.97548246383667,0.003947138786315918
4.98336935043335,0.003940224647521973
4.991243362426758,0.003933429718017578
4.99910306930542,0.003926515579223633
5.006949424743652,0.003919839859008789
5.014782428741455,0.003913164138793945
5.022602081298828,0.003906607627868652
5.03040885925293,0.003899812698364258
5.038201332092285,0.003893136978149414
5.045981407165527,0.003886580467224121
5.053747653961182,0.003880023956298828
5.061501502990723,0.003873586654663086
5.069242000579834,0.0038671493530273438
5.076970100402832,0.0038608312606811523
5.084685325622559,0.00385439395904541
5.092387676239014,0.0038480758666992188
5.1000776290893555,0.0038416385650634766
5.107754230499268,0.0038352012634277344
5.115418434143066,0.003828883171081543
5.123069763183594,0.0038226842880249023
5.130709171295166,0.00381624698638916
5.13833475112915,0.0038100481033325195
5.145949363708496,0.003803730010986328
5.153549671173096,0.0037975311279296875
5.161139488220215,0.0037914514541625977
5.168715476989746,0.003785252571105957
5.176280498504639,0.003779172897338867
5.183832168579102,0.0037729740142822266
5.191372394561768,0.0037668943405151367
5.198899745941162,0.0037609338760375977
5.206416130065918,0.003754854202270508
5.213919162750244,0.0037488937377929688
5.22141170501709,0.0037429332733154297
5.228890895843506,0.0037369728088378906
5.236359596252441,0.0037311315536499023
5.2438154220581055,0.0037251710891723633
5.251260280609131,0.0037192106246948242
5.258692264556885,0.003713369369506836
5.266113758087158,0.0037076473236083984
5.273522853851318,0.003701925277709961
5.280921459197998,0.0036960840225219727
5.288307189941406,0.0036902427673339844
5.295682430267334,0.003684520721435547
5.303045272827148,0.0036787986755371094
5.310397624969482,0.0036731958389282227
5.317738056182861,0.003667593002319336
5.32506799697876,0.0036619901657104492
5.332386016845703,0.0036562681198120117
5.339693069458008,0.003650665283203125
5.346988677978516,0.0036450624465942383
5.354273319244385,0.003639698028564453
5.361547470092773,0.0036340951919555664
5.368809700012207,0.0036286115646362305
5.376061916351318,0.0036231279373168945
5.383302211761475,0.0036176443099975586
5.390532493591309,0.0036121606826782227
5.3977508544921875,0.0036067962646484375
5.404959678649902,0.003601551055908203
5.41215705871582,0.0035959482192993164
5.4193434715271,0.003590703010559082
5.426519870758057,0.003585338592529297
5.433684825897217,0.0035802125930786133
5.440840721130371,0.003574848175048828
5.447984218597412,0.003569364547729492
5.455118179321289,0.0035643577575683594
5.4622416496276855,0.003559112548828125
5.469354629516602,0.0035538673400878906
5.476457118988037,0.0035486221313476562
5.483549118041992,0.0035436153411865234
5.490631580352783,0.003538370132446289
5.497702598571777,0.0035331249237060547
5.504764080047607,0.0035282373428344727
5.511815547943115,0.003523111343383789
5.518856525421143,0.0035181045532226562
5.525887966156006,0.003512859344482422
5.532907962799072,0.003507852554321289
5.539919376373291,0.003502964973449707
5.546919822692871,0.0034978389739990234
5.553910732269287,0.003493070602416992
5.560892105102539,0.0034880638122558594
5.5678629875183105,0.0034830570220947266
5.574824333190918,0.0034781694412231445
5.581775665283203,0.0034731626510620117
5.588716983795166,0.0034683942794799805
5.595649242401123,0.0034635066986083984
5.6025710105896,0.0034586191177368164
5.60948371887207,0.003453969955444336
5.616386890411377,0.003449082374572754
5.623280048370361,0.0034443140029907227
5.63016414642334,0.0034394264221191406
5.637037754058838,0.0034346580505371094
5.643902778625488,0.0034301280975341797
5.650758266448975,0.0034252405166625977
5.657603740692139,0.0034204721450805664
5.664440155029297,0.0034159421920776367
5.671267509460449,0.0034111738204956055
5.678084850311279,0.003406524658203125
5.684893608093262,0.0034019947052001953
5.69169282913208,0.003397226333618164
5.698482513427734,0.0033926963806152344
5.705263614654541,0.0033881664276123047
