star,trans,snr,radius,scale_temp,kmag,nasa_pl_name,pl_name,default_flag,hostname,pl_bmasse,pl_bmasseerr1,pl_bmasseerr2,pl_dens,pl_denserr1,pl_denserr2,pl_eqt,pl_letter,pl_orbper,pl_orbsmax,pl_rade,pl_radeerr1,pl_radeerr2,pl_trandur,rowupdate,st_rad,st_teff,sy_dist,sy_jmag,sy_kmag
GJ_1214,10.2,10.8,2.731,566,8.8,GJ 1214 b,GJ 1214 b,1.0,GJ 1214,8.41,0.36,-0.35,2.26,0.11,-0.11,567.0,b,1.580404531,0.01505,2.733,0.033,-0.031,0.86966,2024-03-25,0.2162,3101.0,14.6427,9.75,8.782
GJ_0436,2.89,10.6,4.099,633,6.1,GJ 436 b,GJ 436 b,1.0,GJ 436,22.1,2.3,-2.3,1.8,0.29,-0.29,594.05,b,2.64388312,0.0291,4.17,0.168,-0.168,0.9689289,2015-02-05,0.455,3350.0,9.75321,6.9,6.073
pi_Men_c,0.8,6.9,2.144,1203,4.2,pi Men c,pi Men c,1.0,HD 39091,4.3,0.7,-0.7,2.8,0.5,-0.5,1052.0,c,6.267852,0.068,2.11,0.05,-0.05,2.789,2025-03-03,1.17,5998.0,18.2702,4.869,4.241
GJ_3470,4.3,6.5,3.875,655,8.0,GJ 3470 b,GJ 3470 b,1.0,GJ 3470,13.9,1.5,-1.5,0.8,0.13,-0.13,593.5,b,3.3366496,0.0355,4.57,0.18,-0.18,1.8580034,2019-01-28,0.547,3600.0,29.4214,8.794,7.989
55_Cnc_e,0.66,6.3,1.895,1960,4.0,55 Cnc e,55 Cnc e,1.0,55 Cnc,7.99,0.32,-0.33,6.66,0.43,-0.4,1831.27,e,0.7365474,0.01544,1.875,0.029,-0.029,1.5439,2021-02-05,0.943,5172.0,12.5855,4.768,4.015
GJ_3090,2.76,5.8,2.162,691,7.3,GJ 3090 b,GJ 3090 b,1.0,GJ 3090,3.34,0.72,-0.72,1.89,0.52,-0.45,693.0,b,2.8531054,0.03165,2.13,0.11,-0.11,1.281,2023-11-28,0.516,3556.0,22.4751,8.168,7.294
HD_191939d,2.06,4.5,2.993,550,7.2,HD 191939 d,HD 191939 d,1.0,HD 191939,2.8,0.6,-0.6,0.57,0.13,-0.13,540.0,d,38.353037,0.2132,2.995,0.07,-0.07,5.36,2022-11-14,0.94,5348.0,53.6089,7.597,7.18
TOI-544,2.68,4.4,2.016,1058,7.8,TOI-544 b,TOI-544 b,1.0,TOI-544,2.89,0.48,-0.48,1.93,0.3,-0.25,999.0,b,1.548352,0.0225,2.018,0.076,-0.076,1.21,2023-12-18,0.623,4169.0,41.1166,8.592,7.8
HR_858b,0.77,4.3,2.003,1554,5.2,HR 858 b,HR 858 b,1.0,HR 858,3.55,0.94,-0.96,2.44,0.69,-0.68,1552.0,b,3.585287,0.04888,2.004,0.045,-0.047,2.705,2025-03-03,1.258,6354.0,31.964,5.473,5.149
TOI-431d,1.5,4.1,3.293,638,6.7,TOI-431 d,TOI-431 d,1.0,TOI-431,9.9,1.53,-1.49,1.36,0.25,-0.25,633.0,d,12.46103,0.098,3.29,0.09,-0.09,3.3195777,2021-08-16,0.731,4850.0,32.5686,7.305,6.723
LP_791-18c,8.77,3.9,2.486,343,10.6,LP 791-18 c,LP 791-18 c,1.0,LP 791-18,7.1,0.7,-0.7,,,,324.4,c,4.9899093,0.02961,2.438,0.096,-0.096,1.167,2023-05-14,0.182,2960.0,26.4927,11.559,10.644
HD_136352c,0.44,3.9,2.85,676,4.2,HD 136352 c,HD 136352 c,1.0,HD 136352,11.24,0.65,-0.63,2.497668,0.248113,-0.226058,677.0,c,27.59221,0.1721,2.916,0.075,-0.073,3.251,2021-08-09,1.058,5664.0,14.682,4.308,4.159
GJ_9827d,1.75,3.8,1.982,655,7.2,GJ 9827 d,GJ 9827 d,1.0,GJ 9827,3.02,0.58,-0.57,2.51,0.57,-0.51,675.0,d,6.20183,0.053,1.98,0.11,-0.1,1.248,2024-10-15,0.58,4236.0,29.661,7.984,7.193
TOI-2443,1.24,3.7,2.361,517,6.5,TOI-2443 b,TOI-2443 b,1.0,TOI-2443,4.8,1.1,-1.1,2.0,0.49,-0.45,519.0,b,15.66858,0.105,2.363,0.066,-0.066,4.548,2025-03-10,0.631,4375.0,23.9258,7.26,6.5
TOI-2015,6.79,3.6,3.306,531,10.3,TOI-2015 b,TOI-2015 b,1.0,TOI-2015,9.2,0.32,-0.35,1.4,0.052,-0.056,530.9,b,3.348237,0.029322,3.309,0.013,-0.011,0.9876,2025-03-09,0.3273,3297.0,47.3444,11.118,10.263
TOI-2134b,0.97,3.5,2.677,665,6.1,TOI-2134 b,TOI-2134 b,1.0,TOI-2134,9.13,0.78,-0.76,2.607,0.516,-0.516,666.0,b,9.2292005,0.078,2.69,0.16,-0.16,2.995,2023-11-28,0.709,4580.0,22.6202,6.776,6.091
TOI-4438,3.24,3.3,2.52,435,8.9,TOI-4438 b,TOI-4438 b,1.0,TOI-4438,5.4,1.1,-1.1,1.85,0.51,-0.44,435.0,b,7.44628,0.0534,2.52,0.13,-0.13,2.021,2024-03-25,0.372,3422.0,30.0346,9.695,8.869
TOI-1266b,3.19,3.3,2.621,414,8.8,TOI-1266 b,TOI-1266 b,1.0,TOI-1266,4.46,0.69,-0.69,1.54,0.28,-0.28,415.0,b,10.8945,0.073,2.52,0.08,-0.08,2.071,2025-03-21,0.4232,3563.0,36.0118,9.706,8.84
TOI-270c,2.4,3.2,2.328,489,8.2,TOI-270 c,TOI-270 c,1.0,TOI-270,6.15,0.37,-0.37,2.6,0.26,-0.26,488.0,c,5.6605731,0.04526,2.355,0.064,-0.064,1.6631704,2021-08-03,0.378,3506.0,22.4793,9.099,8.251
HD_191939b,1.38,3.0,3.407,897,7.2,HD 191939 b,HD 191939 b,1.0,HD 191939,10.0,0.7,-0.7,1.4,0.15,-0.13,880.0,b,8.8803256,0.0804,3.41,0.075,-0.075,2.939,2022-11-14,0.94,5348.0,53.6089,7.597,7.18
HD_097658,0.69,3.0,2.246,761,5.7,HD 97658 b,HD 97658 b,1.0,HD 97658,8.3,1.1,-1.1,4.8,0.7,-0.7,751.0,b,9.4897116,0.0805,2.12,0.06,-0.06,2.757,2023-03-28,0.728,5212.0,21.5618,6.203,5.734
HD_207496,0.9,2.6,2.251,812,6.6,HD 207496 b,HD 207496 b,1.0,HD 207496,6.1,1.6,-1.6,3.17,0.97,-0.91,743.0,b,6.441008,0.0629,2.25,0.12,-0.1,1.762,2023-05-26,0.769,4819.0,23.606,6.57,5.967
G_9-40,2.86,2.5,1.898,440,9.2,G 9-40 b,G 9-40 b,1.0,G 9-40,4.0,0.63,-0.63,3.2,0.63,-0.58,440.6,b,5.7459982,0.0418,1.9,0.065,-0.065,1.693,2024-10-22,0.3026,3395.0,27.9276,10.058,9.19
TOI-836c,0.93,2.4,2.585,653,6.8,TOI-836 c,TOI-836 c,1.0,TOI-836,9.6,2.7,-2.5,3.06,0.48,-0.54,665.0,c,8.59545,0.075,2.587,0.088,-0.088,2.486,2023-02-25,0.665,4552.0,27.5024,7.58,6.804
TOI-270d,1.78,2.4,1.998,387,8.2,TOI-270 d,TOI-270 d,1.0,TOI-270,4.78,0.43,-0.43,2.72,0.33,-0.33,387.0,d,11.379573,0.0721,2.133,0.058,-0.058,2.2350305,2021-08-03,0.378,3506.0,22.4793,9.099,8.251
TOI-5800,1.08,2.4,2.677,1121,7.2,TOI-5800 b,TOI-5800 b,1.0,TOI-5800,9.5,1.7,-1.9,3.46,1.02,-0.9,1108.0,b,2.6278838,0.0344,2.46,0.18,-0.16,1.2,2025-08-14,0.773,4850.0,42.9052,7.771,7.191
TOI-1231,1.62,2.4,3.651,330,8.1,TOI-1231 b,TOI-1231 b,1.0,TOI-1231,15.4,3.3,-3.3,1.74,0.47,-0.42,329.6,b,24.245586,0.1288,3.65,0.16,-0.15,3.24,2021-11-09,0.476,3553.0,27.6227,8.876,8.069
TOI-1201,2.11,2.4,2.408,705,8.6,TOI-1201 b,TOI-1201 b,1.0,TOI-1201,6.28,0.84,-0.88,2.45,0.48,-0.42,703.0,b,2.4919863,0.0287,2.415,0.091,-0.09,1.747,2021-09-27,0.508,3476.0,37.8871,9.528,8.646
AU_Mic_c,0.31,2.3,2.755,463,4.5,AU Mic c,AU Mic c,1.0,AU Mic,14.2,4.8,-3.5,3.66,1.28,-1.28,459.0,c,18.85969,0.1108,2.52202066,0.24659758,-0.24659758,4.236,2024-09-28,0.744,3678.0,9.7221,5.436,4.529
TOI-178g,2.16,2.3,2.937,474,8.8,TOI-178 g,TOI-178 g,1.0,TOI-178,3.94,1.31,-1.62,0.915,0.36,-0.37,470.0,g,20.7095,0.1275,2.87,0.14,-0.13,2.167,2021-03-12,0.651,4316.0,62.699,9.372,8.656
TOI-1136e,1.51,2.3,2.636,734,8.0,TOI-1136 e,TOI-1136 e,1.0,TOI-1136,6.07,1.09,-1.01,1.81,0.35,-0.35,737.0,e,18.801,0.14,2.15976695,0.88291043,-0.88291043,4.3425576,2024-04-10,0.968,5770.0,84.5362,8.363,8.034
TOI-178d,2.07,2.2,2.692,695,8.8,TOI-178 d,TOI-178 d,1.0,TOI-178,3.01,0.8,-1.03,0.976,0.3,-0.34,690.0,d,6.5577,0.0592,2.572,0.075,-0.078,2.346,2021-03-12,0.651,4316.0,62.699,9.372,8.656
TOI-1266c,2.14,2.2,2.128,351,8.8,TOI-1266 c,TOI-1266 c,1.0,TOI-1266,3.17,0.76,-0.76,2.25,0.64,-0.64,346.0,c,18.8027,0.105,1.98,0.1,-0.1,1.951,2025-03-21,0.4232,3563.0,36.0118,9.706,8.84
HD_042813b,1.19,2.2,3.405,757,7.6,HD 42813 b,HD 42813 b,1.0,HD 42813,9.1,0.82,-0.79,0.8,0.29,-0.35,716.0,b,13.6308205,0.111,3.41,0.046,-0.046,4.327,2024-09-13,0.98,5289.0,68.192,8.056,7.587
HD_136352d,0.25,2.2,2.505,430,4.2,HD 136352 d,HD 136352 d,1.0,HD 136352,8.82,0.93,-0.92,2.878108,0.430062,-0.39698,431.0,d,107.245,0.425,2.562,0.088,-0.079,8.87,2021-08-09,1.058,5664.0,14.682,4.308,4.159
HD_191939c,0.96,2.1,3.192,607,7.2,HD 191939 c,HD 191939 c,1.0,HD 191939,8.0,1.0,-1.0,1.35,0.2,-0.2,600.0,c,28.579743,0.1752,3.195,0.075,-0.075,4.162,2022-11-14,0.94,5348.0,53.6089,7.597,7.18
TOI-1430,0.88,2.0,1.98,809,7.1,HD 235088 b,HD 235088 b,1.0,HD 235088,4.15,0.83,-0.83,2.922216,0.661634,-0.661634,733.0,b,7.4341325,0.0706,1.982,0.072,-0.069,2.673,2025-08-07,0.772,5075.0,41.1706,7.646,7.084
TOI-815b,1.34,2.0,2.934,685,8.0,TOI-815 b,TOI-815 b,1.0,TOI-815,7.6,1.5,-1.4,1.64,0.33,-0.31,686.0,b,11.197259,0.0903,2.94,0.05,-0.05,3.379,2024-05-13,0.77,4869.0,59.7117,8.531,7.999
TOI-1759,1.26,2.0,3.248,453,7.9,TOI-1759 b,TOI-1759 b,1.0,TOI-1759,10.8,1.5,-1.5,1.91,0.32,-0.32,443.0,b,18.85019,0.1177,3.14,0.1,-0.1,3.23,2022-03-28,0.597,4065.0,40.0654,8.771,7.93
TOI-836b,0.74,2.0,1.702,871,6.8,TOI-836 b,TOI-836 b,1.0,TOI-836,4.53,0.92,-0.86,5.02,0.36,-0.44,871.0,b,3.81673,0.0422,1.704,0.067,-0.067,1.805,2023-02-25,0.665,4552.0,27.5024,7.58,6.804
LTT_3780c,1.42,2.0,2.386,347,8.2,LTT 3780 c,LTT 3780 c,1.0,LTT 3780,8.04,0.5,-0.48,3.24,0.55,-0.43,359.0,c,12.252284,0.0757,2.39,0.1,-0.11,1.54,2024-03-26,0.38,3358.0,21.9814,9.007,8.204001
TOI-969,1.93,2.0,2.763,1078,8.9,TOI-969 b,TOI-969 b,1.0,TOI-969,9.1,1.0,-1.0,2.34,0.39,-0.34,941.0,b,1.8237305,0.02636,2.765,0.088,-0.097,1.519,2022-10-31,0.671,4435.0,77.2554,9.596,8.879
TOI-561c,1.54,1.9,2.863,797,8.4,TOI-561 c,TOI-561 c,1.0,TOI-561,5.93,0.67,-0.67,1.3,0.2,-0.2,802.0,c,10.778838,0.0889,2.865,0.041,-0.041,3.739,2025-02-24,0.843,5342.0,85.799,8.879,8.394
K2-036c,2.44,1.9,3.192,864,9.4,K2-36 c,K2-36 c,1.0,K2-36,7.9,2.8,-2.8,1.3,0.71,-0.51,854.0,c,5.340888,0.05528,3.2,0.3,-0.3,1.267,2023-04-17,0.718,4916.0,109.749,10.034,9.454001
TOI-421b,1.29,1.9,2.643,1008,8.1,TOI-421 b,TOI-421 b,1.0,TOI-421,6.7,0.6,-0.6,2.040038,0.275681,-0.275681,922.0,b,5.197576,0.0554,2.64,0.08,-0.08,1.09,2024-08-07,0.866,5291.0,74.7969,8.547,8.071
TOI-1130b,1.47,1.9,3.662,824,8.4,TOI-1130 b,TOI-1130 b,1.0,TOI-1130,19.8,0.2,-0.3,2.23,0.06,-0.06,825.0,b,4.074554,0.0453,3.66,0.03,-0.04,1.8373729,2024-08-30,0.697,4360.0,58.2609,9.055,8.351
TOI-1136c,1.26,1.9,2.876,1058,8.0,TOI-1136 c,TOI-1136 c,1.0,TOI-1136,6.32,1.1,-1.3,1.45,0.29,-0.29,1062.0,c,6.2574,0.0669,2.76948277,0.07745317,-0.06719432,3.4880319,2024-04-10,0.968,5770.0,84.5362,8.363,8.034
TOI-663b,2.59,1.9,2.274,739,9.6,TOI-663 b,TOI-663 b,1.0,TOI-663,4.45,0.63,-0.66,2.07,0.42,-0.38,674.0,b,2.598902,0.0295,2.27,0.1,-0.09,1.6635706,2024-06-25,0.512,3681.0,64.2308,10.448,9.607
TOI-663c,2.55,1.8,2.262,607,9.6,TOI-663 c,TOI-663 c,1.0,TOI-663,3.65,0.97,-0.97,1.73,0.54,-0.49,553.0,c,4.6955507,0.0437,2.26,0.1,-0.1,2.1638721,2024-06-25,0.512,3681.0,64.2308,10.448,9.607
TOI-178e,1.69,1.8,2.299,605,8.8,TOI-178 e,TOI-178 e,1.0,TOI-178,3.86,1.25,-0.94,1.98,0.788,-0.53,600.0,e,9.961881,0.0783,2.207,0.088,-0.09,2.501,2021-03-12,0.651,4316.0,62.699,9.372,8.656
HD_086226c,0.57,1.8,2.162,1310,6.5,HD 86226 c,HD 86226 c,1.0,HD 86226,7.25,1.19,-1.12,3.97,0.78,-0.73,1311.0,c,3.98442,0.049,2.16,0.08,-0.08,3.12,2020-08-06,1.053,5863.0,45.683,6.839,6.463
TOI-269,3.04,1.7,2.766,575,10.1,TOI-269 b,TOI-269 b,1.0,TOI-269,8.8,1.4,-1.4,2.28,0.48,-0.42,531.0,b,3.6977104,0.0345,2.77,0.12,-0.12,0.9308263,2021-05-17,0.398,3514.0,57.0225,10.909,10.1
TOI-1422,1.99,1.7,3.954,865,9.2,TOI-1422 b,TOI-1422 b,1.0,TOI-1422,9.0,2.3,-2.0,0.795,0.29,-0.235,867.0,b,12.9972,0.108,3.96,0.13,-0.11,4.52,2022-07-18,1.019,5840.0,155.141,9.585,9.19
HD_021749b,0.34,1.7,2.856,408,5.4,GJ 143 b,GJ 143 b,1.0,GJ 143,22.7,2.2,-1.9,7.0,1.6,-1.3,422.0,b,35.61253,0.1915,2.61,0.17,-0.16,3.23,2019-04-22,0.695,4640.0,16.32,6.081,5.375
HD_015337c,0.73,1.7,2.524,644,7.0,HD 15337 c,HD 15337 c,1.0,HD 15337,6.792,1.302,-1.143,2.303,0.505,-0.414,592.77,c,17.180546,0.1235,2.526,0.086,-0.075,2.1004813,2025-02-12,0.855,5131.0,44.8155,7.553,7.044
K2-025b,3.29,1.6,3.427,494,10.4,K2-25 b,K2-25 b,1.0,K2-25,24.5,5.7,-5.2,,,,494.0,b,3.48456408,0.0287,3.44,0.12,-0.12,0.7637,2022-03-28,0.2932,3207.0,44.9565,11.303,10.444
LHS_1140b,1.55,1.6,1.728,225,8.8,LHS 1140 b,LHS 1140 b,1.0,LHS 1140,5.6,0.19,-0.19,5.9,0.3,-0.3,226.0,b,24.73723,0.0946,1.73,0.025,-0.025,2.15,2024-03-04,0.2159,3096.0,14.9861,9.612001,8.821
K2-266d,1.58,1.6,2.923,538,8.9,K2-266 d,K2-266 d,1.0,K2-266,8.9,5.7,-3.8,2.03,0.64,-0.43,538.3,d,14.697,0.1035,2.93,0.14,-0.12,3.408,2022-10-31,0.703,4285.0,77.5586,9.611,8.897
TOI-1054,0.84,1.5,3.084,916,7.6,TOI-1054 b,,,,,,,,,,,,,,,,,,,,,,,
TOI-824,1.23,1.5,2.923,1257,8.4,TOI-824 b,TOI-824 b,1.0,TOI-824,18.467,1.843,-1.875,4.03,0.98,-0.78,1253.0,b,1.392978,0.02177,2.926,0.202,-0.191,1.15344,2020-09-17,0.695,4600.0,63.9262,9.145001,8.432
TOI-1246d,2.39,1.5,3.506,636,9.9,TOI-1246 d,TOI-1246 d,1.0,TOI-1246,5.4,1.9,-1.9,0.73,0.28,-0.33,587.77,d,18.654874,0.132,3.43139739,0.14960553,-0.11612674,3.9484217,2024-07-22,0.8649,5213.0,169.422,10.294,9.907
HR_858d,0.26,1.5,1.999,1062,5.2,HR 858 d,HR 858 d,1.0,HR 858,7.1,1.6,-1.6,4.9,1.2,-1.1,1061.0,d,11.230511,0.1046,2.001,0.063,-0.064,3.47,2025-03-03,1.258,6354.0,31.964,5.473,5.149
TOI-654,2.32,1.4,2.377,798,9.9,TOI-654.01,TOI-654.01,1.0,TOI-654,8.71,1.25,-1.25,3.59,0.65,-0.65,794.0,b,1.527561,0.01944,2.378,0.089,-0.089,1.2,2025-08-14,0.43,3521.0,57.7553,10.744,9.918
Wolf_503,0.79,1.4,2.042,790,7.6,Wolf 503 b,Wolf 503 b,1.0,Wolf 503,6.27,0.85,-0.84,4.03,0.72,-0.64,789.0,b,6.00127,0.05712,2.043,0.069,-0.069,1.6479258,2023-04-17,0.689,4716.0,44.526,8.324,7.617
HD_003167c,0.6,1.4,2.916,564,7.1,HD 3167 c,HD 3167 c,1.0,HD 3167,11.13,0.78,-0.74,2.11,0.51,-0.69,564.0,c,29.8454,0.1776,3.0,0.45,-0.21,4.869,2023-04-17,0.88,5261.0,47.2899,7.548,7.066
HD_073583c,0.56,1.4,2.386,497,6.9,HD 73583 c,HD 73583 c,1.0,HD 73583,9.7,1.8,-1.7,3.88,0.91,-0.8,498.0,c,18.87974,0.1242,2.39,0.1,-0.09,3.67,2022-03-16,0.65,4511.0,31.5666,7.649,6.948
TOI-1470b,1.61,1.4,2.173,725,9.3,TOI-1470 b,TOI-1470 b,1.0,TOI-1470,7.32,1.21,-1.24,3.86,0.7,-0.68,734.0,b,2.527093,0.0285,2.18,0.04,-0.04,1.28,2023-08-07,0.469,3709.0,51.9503,10.154,9.283
HD_207897,0.39,1.3,2.499,632,6.3,HD 207897 b,HD 207897 b,1.0,HD 207897,14.8,1.5,-1.4,6.29,1.32,-1.78,581.75,b,16.20166,0.117,2.34302132,0.123646,-0.09173373,2.9048422,2024-07-22,0.7827,5106.0,28.2938,6.83,6.312
HD_093963c,0.77,1.3,3.228,1335,7.8,HD 93963 A c,HD 93963 A c,1.0,HD 93963 A,18.4,3.2,-3.1,3.31,0.8,-1.01,1212.45,c,3.6451389,0.04726,3.11976057,0.13502367,-0.10446158,2.3643117,2024-07-22,1.0311,5908.0,82.3432,8.108,7.776
K2-093c,0.75,1.3,2.725,757,7.7,HIP 41378 c,HIP 41378 c,1.0,HIP 41378,4.4,1.1,-1.1,1.19,0.3,-0.3,757.0,c,31.70603,,2.727,0.06,-0.06,2.3326321,2025-09-17,1.273,6320.0,106.289,7.982,7.722
TOI-776b,0.8,1.3,1.826,513,7.9,TOI-776 b,TOI-776 b,1.0,TOI-776,5.0,1.6,-1.6,4.8,1.8,-1.6,520.0,b,8.24662,0.0653,1.798,0.078,-0.077,2.382,2024-06-10,0.547,3725.0,27.1701,8.483,7.615
HD_023472c,0.62,1.3,1.87,469,7.3,HD 23472 c,HD 23472 c,1.0,HD 23472,3.41,0.88,-0.81,3.1,1.0,-0.84,467.0,c,29.79749,0.1646,1.87,0.12,-0.11,2.94,2022-10-03,0.71,4684.0,39.0341,7.865,7.207
HD_183579,0.57,1.3,3.488,758,7.2,HD 183579 b,HD 183579 b,1.0,HD 183579,20.4,2.6,-2.5,2.65,0.37,-0.35,752.0,b,17.471291,0.1322,3.49,0.07,-0.064,4.306,2024-08-29,0.96,5784.0,57.2651,7.518,7.15
TOI-1136b,0.84,1.3,1.904,1210,8.0,TOI-1136 b,TOI-1136 b,1.0,TOI-1136,3.5,0.8,-0.7,2.8,1.0,-1.0,1216.0,b,4.1727,0.05106,1.9,0.21,-0.15,2.07,2024-04-10,0.968,5770.0,84.5362,8.363,8.034
TOI-130,0.44,1.3,2.453,943,6.6,HD 5278 b,HD 5278 b,1.0,HD 5278,7.8,1.5,-1.4,2.9,0.6,-0.5,943.0,b,14.339156,0.1202,2.45,0.05,-0.05,4.8,2021-04-23,1.194,6203.0,57.5846,6.949,6.605
Ross_176,0.99,1.2,1.837,682,8.4,Ross 176 b,Ross 176 b,1.0,Ross 176,4.57,0.89,-0.93,4.03,0.49,-0.81,682.0,b,5.0066338,0.0464,1.84,0.08,-0.08,1.66,2025-08-14,0.569,4041.0,46.4488,9.243,8.419
HD_110113,1.02,1.2,2.05,1453,8.5,HD 110113 b,HD 110113 b,1.0,HD 110113,4.55,0.62,-0.62,2.9,0.75,-0.59,1371.0,b,2.541,0.035,2.05,0.12,-0.12,2.376,2021-02-05,0.968,5732.0,106.307,8.903,8.502
TOI-125c,1.26,1.2,2.755,828,9.0,TOI-125 c,TOI-125 c,1.0,TOI-125,6.63,0.99,-0.99,1.73,0.33,-0.33,827.8,c,9.15059,0.0814,2.759,0.1,-0.1,2.9544,2020-02-06,0.848,5320.0,111.059,9.466,8.995
K2-003b,1.02,1.2,2.076,501,8.6,K2-3 b,K2-3 b,1.0,K2-3,5.11,0.65,-0.64,3.11,0.49,-0.46,501.3,b,10.0546535,0.0747,2.078,0.076,-0.067,2.640621,2023-07-10,0.546,3844.0,44.0727,9.421,8.561
TOI-1272,1.69,1.2,4.133,1051,9.7,TOI-1272 b,TOI-1272 b,1.0,TOI-1272,27.0,2.7,-2.5,2.09,0.44,-0.59,975.0,b,3.31599,0.0417,4.13204907,0.2262768,-0.15125906,1.5708493,2024-07-23,0.7934,5065.0,137.572,10.218,9.701
TOI-776c,0.72,1.1,2.061,414,7.9,TOI-776 c,TOI-776 c,1.0,TOI-776,6.9,2.6,-2.5,4.4,1.8,-1.6,420.0,c,15.665323,0.1001,2.047,0.081,-0.078,2.932,2024-06-10,0.547,3725.0,27.1701,8.483,7.615
TOI-178f,1.04,1.1,2.415,525,8.8,TOI-178 f,TOI-178 f,1.0,TOI-178,7.72,1.67,-1.52,3.6,1.2,-0.83,521.0,f,15.231915,0.1039,2.287,0.108,-0.11,2.348,2021-03-12,0.651,4316.0,62.699,9.372,8.656
TOI-1736,0.51,1.1,3.046,1180,7.3,TOI-1736 b,TOI-1736 b,1.0,TOI-1736,12.3,1.5,-1.4,2.09,0.43,-0.56,1099.79,b,7.073076,0.073,3.18175535,0.12195694,-0.09508409,3.9825962,2024-07-22,1.4286,5636.0,88.9482,7.688,7.283
TOI-179,0.43,1.1,2.598,991,6.9,HD 18599 b,HD 18599 b,1.0,HD 18599,24.1,7.1,-7.7,7.5,2.6,-2.4,918.68,b,4.1374354,0.048,2.6,0.15,-0.13,2.06,2022-11-07,0.767,5145.0,38.5653,7.428,6.883
TOI-1260b,1.1,1.1,2.408,872,8.9,TOI-1260 b,TOI-1260 b,1.0,TOI-1260,8.56,1.54,-1.54,3.35,0.64,-0.64,871.0,b,3.127463,0.0367,2.41,0.05,-0.05,2.06,2022-12-17,0.672,4227.0,73.5977,9.698,8.95
TOI-406c,1.05,1.1,2.083,368,8.9,TOI-406 c,TOI-406 c,1.0,TOI-406,2.08,0.23,-0.22,4.9,1.4,-1.4,584.0,c,3.307441,0.0322,1.32,0.12,-0.12,1.05,2024-12-16,0.41,3392.0,31.0597,9.695,8.848
HD_006061,0.53,1.1,2.453,1192,7.4,HD 6061 b,HD 6061 b,1.0,HD 6061,10.0,2.5,-2.5,3.82,1.1,-1.39,1075.31,b,5.2549,0.06,2.42763557,0.09903199,-0.07283589,3.239598,2024-07-23,1.0072,5934.0,67.6203,7.711,7.392
HD_077946,0.59,1.1,2.703,1243,7.6,HD 77946 b,HD 77946 b,1.0,HD 77946,10.9,1.8,-1.7,2.44,0.61,-0.83,1128.86,b,6.527363,0.073,2.89646124,0.1867559,-0.14235529,2.9756716,2024-07-23,1.3174,6007.0,99.451,7.904,7.622
TOI-1246b,1.68,1.1,3.013,1040,9.9,TOI-1246 b,TOI-1246 b,1.0,TOI-1246,8.1,1.1,-1.1,1.63,0.23,-0.23,955.0,b,4.30744,0.049,3.01,0.06,-0.06,2.3379196,2022-05-03,0.86,5151.0,169.422,10.294,9.907
K2-002,0.7,1.0,2.464,753,8.0,HIP 116454 b,HIP 116454 b,1.0,HIP 116454,9.7,1.2,-1.2,3.53,0.63,-0.57,753.2,b,9.1004157,0.0792,2.469,0.1,-0.091,2.431,2024-10-03,0.758,5048.0,62.4491,8.604,8.029
TOI-1695,0.99,1.0,1.904,688,8.8,TOI-1695 b,TOI-1695 b,1.0,TOI-1695,6.36,1.0,-1.0,5.0,1.8,-1.3,698.0,b,3.1342791,0.033548,1.9,0.16,-0.14,1.311,2023-02-25,0.515,3690.0,45.1309,9.64,8.818
TOI-125b,1.07,1.0,2.724,1037,9.0,TOI-125 b,TOI-125 b,1.0,TOI-125,9.5,0.88,-0.88,2.57,0.33,-0.33,1037.0,b,4.65382,0.05186,2.726,0.075,-0.075,2.9616,2020-02-06,0.848,5320.0,111.059,9.466,8.995
TOI-1634,0.88,1.0,1.772,920,8.6,TOI-1634 b,TOI-1634 b,1.0,TOI-1634,7.57,0.71,-0.72,7.6,1.3,-1.1,848.01,b,0.9893455,0.0149,1.773,0.077,-0.077,1.0357615,2023-07-10,0.45,3472.0,35.2736,9.484,8.6
TOI-4010b,1.79,1.0,3.013,1439,10.2,TOI-4010 b,TOI-4010 b,1.0,TOI-4010,11.0,1.29,-1.27,2.2,0.3,-0.3,1441.0,b,1.348335,0.0229,3.02,0.08,-0.08,1.77,2023-06-27,0.83,4960.0,177.504,10.649,10.157
K2-018b,1.0,1.0,2.71,301,8.9,K2-18 b,K2-18 b,1.0,K2-18,8.92,1.7,-1.6,4.11,1.72,-1.18,284.0,b,32.939623,0.1429,2.37,0.22,-0.22,2.3059589,2019-03-18,0.411,3457.0,38.0266,9.763,8.899
HD_152843b,0.55,1.0,3.046,1123,7.6,HD 152843 b,HD 152843 b,1.0,HD 152843,11.56,6.58,-6.14,1.58,0.96,-0.83,1003.11,b,11.6264,0.1053,3.41,0.14,-0.12,5.53,2021-06-11,1.43,6310.0,107.898,7.896,7.629
TOI-1803b,1.4,1.0,2.99,780,9.7,TOI-1803 b,TOI-1803 b,1.0,TOI-1803,10.32,1.66,-0.48,2.15031,0.551362,-0.551362,747.0,b,6.293287,0.06,2.99,0.08,-0.08,2.59,2025-05-13,0.715,4687.0,119.24,10.283,9.658
TOI-6054c,0.35,1.0,2.811,1145,6.7,TOI-6054.02,TOI-6054.02,1.0,TOI-6054,9.3,1.9,-1.9,2.25,0.68,-0.57,1143.0,c,12.563636,0.1079,2.82,0.17,-0.16,6.62,2025-09-17,1.662,6047.0,79.407,6.988,6.673
K2-100,1.1,1.0,3.875,1839,9.2,K2-100 b,K2-100 b,1.0,K2-100,21.8,6.2,-6.2,2.04,0.66,-0.61,1841.0,b,1.6739035,0.0301,3.88,0.16,-0.16,1.355,2021-07-12,1.24,5945.0,188.959,9.463,9.182
HD_015337b,0.4,0.9,1.768,989,7.0,HD 15337 b,HD 15337 b,1.0,HD 15337,6.519,0.409,-0.4,6.458,0.518,-0.51,909.53,b,4.7559804,0.05245,1.77,0.032,-0.03,2.5469696,2025-02-12,0.855,5131.0,44.8155,7.553,7.044
K2-266e,0.92,0.9,2.733,490,8.9,K2-266 e,K2-266 e,1.0,K2-266,14.3,6.4,-5.0,2.21,0.7,-0.47,490.1,e,19.482,0.1249,2.73,0.14,-0.11,3.6648,2022-10-31,0.703,4285.0,77.5586,9.611,8.897
TOI-733,0.56,0.9,1.99,1055,7.8,TOI-733 b,TOI-733 b,1.0,TOI-733,5.72,0.7,-0.68,3.98,0.77,-0.66,1055.8,b,4.884765,0.0618,1.992,0.085,-0.09,2.61,2023-04-17,0.949,5585.0,75.2092,8.22,7.845
TOI-5076,0.78,0.9,3.487,540,8.6,TOI-5076 b,TOI-5076 b,1.0,TOI-5076,16.14568308,2.47906157,-2.47906157,2.08,0.35,-0.34,550.0,b,23.443162,0.1481,3.48935569,0.09975993,-0.09415544,4.882,2025-03-03,0.844,4780.0,82.857,9.164,8.582
HD_020329,0.4,0.9,1.714,2138,7.1,HD 20329 b,HD 20329 b,1.0,HD 20329,7.42,1.09,-1.09,8.06,1.53,-1.53,2141.0,b,0.926118,0.018,1.72,0.07,-0.07,1.26,2022-11-29,1.13,5596.0,63.6796,7.492,7.116
K2-093b,0.52,0.9,2.593,959,7.7,HIP 41378 b,HIP 41378 b,1.0,HIP 41378,6.89,0.88,-0.88,2.17,0.28,-0.28,959.0,b,15.57208,,2.595,0.036,-0.036,4.931,2025-09-17,1.273,6320.0,106.289,7.982,7.722
Kepler-088,2.9,0.9,3.774,1044,11.4,KOI-142 b,KOI-142 b,1.0,KOI-142,9.5,1.1,-1.1,1.29,0.16,-0.16,758.0,b,10.91647,0.09586,3.438,0.075,-0.075,3.28,2020-05-28,0.897,5466.0,376.863,11.882,11.454
TOI-757,0.55,0.9,2.498,640,7.9,TOI-757 b,TOI-757 b,1.0,TOI-757,10.5,2.2,-2.1,3.6,0.8,-0.8,641.0,b,17.46819,0.122,2.5,0.1,-0.1,3.72,2024-08-07,0.78,5278.0,60.3418,8.35,7.874
TOI-220,0.75,0.9,3.024,792,8.5,TOI-220 b,TOI-220 b,1.0,TOI-220,13.8,1.0,-1.0,2.73,0.47,-0.47,805.0,b,10.695264,0.08911,3.03,0.15,-0.15,2.239,2021-05-28,0.858,5298.0,90.7402,9.03,8.542
HIP_08152b,0.71,0.9,2.554,856,8.4,HIP 8152 b,HIP 8152 b,1.0,HIP 8152,8.9,1.7,-1.7,2.97,0.81,-1.08,794.96,b,10.751014,0.093,2.53625843,0.15691518,-0.13542085,2.9954278,2024-07-23,0.9603,5618.0,101.694,8.847,8.449
TOI-178c,0.81,0.9,1.753,879,8.8,TOI-178 c,TOI-178 c,1.0,TOI-178,4.77,0.55,-0.68,5.62,1.5,-1.3,873.0,c,3.23845,0.037,1.669,0.114,-0.099,1.95,2021-03-12,0.651,4316.0,62.699,9.372,8.656
K2-370,0.99,0.8,2.668,1481,9.2,K2-370 b,K2-370 b,1.0,K2-370,,,,,,,1267.0,b,2.14084,,3.207,0.224,-0.548,1.569,2022-03-16,0.971,5377.0,144.202,9.667,9.237001
TOI-238c,0.73,0.8,2.184,775,8.6,TOI-238 c,TOI-238 c,1.0,TOI-238,6.7,1.1,-1.1,1.83,0.66,-0.66,696.0,c,8.465651,0.0749,2.18,0.18,-0.18,,2024-02-16,0.733,5059.0,80.5407,9.214,8.598
HD_095338,0.29,0.8,3.886,447,6.6,HD 95338 b,HD 95338 b,1.0,HD 95338,42.44,2.22,-2.08,3.98,0.62,-0.64,385.0,b,55.087,0.262,3.89,0.19,-0.2,5.709,2020-07-17,0.87,5212.0,36.9941,7.099,6.591
TOI-2458,0.52,0.8,2.822,1509,7.9,TOI-2458 b,TOI-2458 b,1.0,TOI-2458,13.31,0.99,-0.96,3.23,0.76,-0.64,1509.4,b,3.73659,0.0482,2.83,0.2,-0.18,2.13,2024-12-10,1.31,6005.0,112.958,8.196,7.891
TOI-132,1.16,0.8,3.427,1531,9.6,TOI-132 b,TOI-132 b,1.0,TOI-132,22.4,1.9,-1.92,3.08,0.44,-0.46,1395.0,b,2.1097019,0.026,3.42,0.13,-0.14,2.1344043,2020-02-21,0.9,5397.0,163.678,10.141,9.646
K2-019c,2.3,0.8,4.099,767,11.2,K2-19 c,K2-19 c,1.0,K2-19,10.8,0.6,-0.6,0.87,0.14,-0.14,679.0,c,11.8993,0.1017,4.1,0.2,-0.2,3.7848,2022-01-31,0.82,5322.0,289.827,11.596,11.161
K2-079,1.28,0.8,4.088,1023,9.9,K2-79 b,K2-79 b,1.0,K2-79,9.2,2.4,-2.4,0.73,0.21,-0.2,1022.0,b,10.9947,0.0988,4.09,0.17,-0.12,3.8732381,2023-04-17,1.265,5897.0,256.011,10.358,9.907
TOI-1238c,0.91,0.8,2.106,780,9.2,TOI-1238 c,TOI-1238 c,1.0,TOI-1238,8.32,1.9,-1.88,4.9,2.5,-1.8,695.0,c,3.294736,0.037,2.11,0.14,-0.14,1.75,2025-07-29,0.58,4089.0,70.7145,10.039,9.184
K2-167b,0.31,0.8,2.33,1193,6.9,K2-167 b,K2-167 b,1.0,K2-167,6.5,1.6,-1.5,2.87,0.24,-0.36,1220.0,b,9.978541,0.0932,2.36509493,0.21297063,-0.14571675,3.6,2024-11-20,1.499,6310.0,80.8994,7.202,6.887
TOI-5817,0.34,0.8,2.778,950,7.1,TOI-5817 b,TOI-5817 b,1.0,TOI-5817,10.3,1.4,-1.3,1.93,0.41,-0.34,950.0,b,15.61031,0.1223,3.08,0.14,-0.14,6.0,2025-08-14,1.427,5770.0,80.7542,7.42,7.084
TOI-1062,0.58,0.8,2.262,1032,8.3,TOI-1062 b,TOI-1062 b,1.0,TOI-1062,10.15,0.81,-0.84,4.85,0.84,-0.74,1077.0,b,4.11296,0.052,2.265,0.096,-0.091,1.08,2021-08-03,0.84,5328.0,82.1733,8.777,8.296
K2-136c,0.59,0.8,3.002,518,8.4,K2-136 c,K2-136 c,1.0,K2-136,18.1,1.9,-1.8,3.69,0.67,-0.56,470.0,c,17.30713,0.1185,3.0,0.13,-0.13,3.449,2023-04-10,0.677,4500.0,59.2474,9.096,8.368
HD_023472b,0.37,0.7,1.994,558,7.3,HD 23472 b,HD 23472 b,1.0,HD 23472,8.32,0.78,-0.79,6.15,1.2,-1.0,543.0,b,17.667087,0.1162,2.0,0.11,-0.1,2.67,2022-10-03,0.71,4684.0,39.0341,7.865,7.207
TOI-1064b,0.61,0.7,2.585,724,8.5,TOI-1064 b,TOI-1064 b,1.0,TOI-1064,13.5,1.7,-1.8,4.30062,0.551362,-0.606498,784.0,b,6.443868,0.06152,2.587,0.043,-0.042,1.98,2022-01-31,0.726,4734.0,68.0726,9.097,8.467
K2-032c,1.13,0.7,3.136,633,9.8,K2-32 c,K2-32 c,1.0,K2-32,8.1,2.4,-2.4,1.43,0.48,-0.45,634.0,c,20.66093,0.13843,3.134,0.123,-0.102,4.35,2021-05-17,0.86,5271.0,157.682,10.404,9.821
HD_307842,0.41,0.7,1.926,1309,7.6,TOI-784 b,TOI-784 b,1.0,HD 307842,9.67,0.83,-0.82,7.4,1.4,-1.2,1256.0,b,2.7970365,0.038,1.93,0.11,-0.09,2.185,2023-07-10,0.907,5558.0,64.5997,8.071,7.64
TOI-6054b,0.26,0.7,2.643,1360,6.7,TOI-6054.01,TOI-6054.01,1.0,TOI-6054,12.5,1.7,-1.6,3.7,0.9,-0.73,1360.0,b,7.501428,0.0763,2.64,0.15,-0.15,5.65,2025-09-17,1.662,6047.0,79.407,6.988,6.673
K2-285c,1.17,0.7,3.528,741,10.0,K2-285 c,K2-285 c,1.0,K2-285,15.68,2.28,-2.13,1.95,0.32,-0.28,741.4,c,7.138048,0.0824,3.53,0.08,-0.08,2.52,2018-12-11,0.787,4975.0,154.961,10.477,9.971
TOI-1075,0.79,0.7,1.79,1322,9.1,TOI-1075 b,TOI-1075 b,1.0,TOI-1075,9.95,1.36,-1.3,9.32,2.05,-1.85,1323.0,b,0.6047328,0.01159,1.791,0.116,-0.081,1.0403847,2022-11-07,0.581,3875.0,61.4592,9.935,9.115
TOI-669,0.79,0.7,2.598,1239,9.1,TOI-669 b,TOI-669 b,1.0,TOI-669,10.0,1.4,-1.4,3.17,0.73,-0.95,1124.85,b,3.945152,0.048,2.58606487,0.13042739,-0.11014467,2.8712193,2024-07-23,0.9882,5597.0,142.867,9.557,9.134
HD_213885,0.22,0.7,1.744,1274,6.4,HD 213885 b,HD 213885 b,1.0,HD 213885,8.83,0.66,-0.65,9.15,1.1,-1.0,2128.0,b,1.008035,0.02012,1.745,0.051,-0.052,1.41,2019-12-02,1.1011,5978.0,48.0883,6.806,6.419
K2-285b,1.09,0.7,2.587,1089,10.0,K2-285 b,K2-285 b,1.0,K2-285,9.68,1.21,-1.37,3.07,0.45,-0.45,1088.9,b,3.471745,0.03817,2.59,0.06,-0.06,2.18,2018-12-11,0.787,4975.0,154.961,10.477,9.971
Kepler-068,0.57,0.7,2.308,1253,8.6,Kepler-68 b,Kepler-68 b,1.0,Kepler-68,8.03,0.67,-0.67,3.37,0.3,-0.29,1275.0,b,5.39875259,0.06135,2.357,0.023,-0.023,3.127,2023-04-17,1.2564,5847.0,144.166,8.975,8.588
Kepler-080,3.0,0.6,2.371,708,12.2,Kepler-80 b,Kepler-80 b,1.0,Kepler-80,6.93,1.05,-0.7,1.38,0.24,-0.17,547.0,b,7.05246,0.0648,2.67,0.1,-0.1,2.3982,2016-08-04,0.678,4540.0,369.451,12.954,12.253
TOI-1117b,0.8,0.6,2.453,1532,9.4,TOI-1117 b,TOI-1117 b,1.0,TOI-1117,8.9,0.95,-0.96,3.3,0.6,-0.6,1538.0,b,2.22816,0.033,2.46,0.13,-0.12,2.015,2025-06-26,1.05,5635.0,167.598,9.770001,9.385
Kepler-037,0.41,0.6,1.994,499,7.9,Kepler-37 b,Kepler-37 b,1.0,Kepler-37,0.79,3.1783,-3.1783,140.0,,,718.0,b,13.36702,0.1019,0.3098,0.0059,-0.0076,3.733,2023-04-17,0.789,5357.0,63.9207,8.356,7.942
Kepler-026,3.53,0.6,3.218,524,12.6,Kepler-26 b,Kepler-26 b,1.0,Kepler-26,5.12,0.65,-0.61,1.26,0.21,-0.19,431.0,b,12.28,0.0847,2.78,0.11,-0.11,2.7096,2016-04-13,0.512,3914.0,335.307,13.408,12.63
TOI-1408c,0.43,0.6,2.218,2023,8.1,TOI-1408 c,TOI-1408 c,1.0,TOI-1408,7.6,0.2,-0.2,3.8,0.3,-0.3,1864.0,c,2.1664,0.03587,2.22,0.06,-0.06,2.67,2024-08-07,1.53,6117.0,139.484,8.365,8.078
TOI-908,0.88,0.6,3.183,1346,9.6,TOI-908 b,TOI-908 b,1.0,TOI-908,16.137,4.112,-4.039,2.742,0.241,-0.353,1317.0,b,3.183792,0.041657,3.186,0.155,-0.155,2.457,2023-07-10,1.028,5626.0,175.748,10.04,9.637
K2-138e,1.2,0.6,3.382,855,10.3,K2-138 e,K2-138 e,1.0,K2-138,12.97,1.98,-1.99,1.8,0.4,-0.3,794.0,e,8.26146,0.0782,3.39,0.156,-0.11,2.97,2021-03-12,0.863,5356.3,202.585,10.756,10.305
WASP-132c,0.87,0.6,1.839,1453,9.7,WASP-132 c,WASP-132 c,1.0,WASP-132,6.26,1.84,-1.83,5.47,1.96,-1.71,1329.0,c,1.01153624,0.01833,1.841,0.094,-0.093,1.491,2025-01-29,0.758,4686.0,122.91,10.257,9.674
HIP_97166,0.39,0.6,2.733,768,7.9,HIP 97166 b,HIP 97166 b,1.0,HIP 97166,19.1,1.6,-1.5,6.86,1.26,-1.58,701.66,b,10.288914,0.091,2.4801338,0.07271432,-0.05203142,1.5329366,2024-07-23,0.8418,5216.0,65.9501,8.386,7.923
K2-233d,0.46,0.6,2.361,524,8.4,K2-233 d,K2-233 d,1.0,K2-233,10.3,2.4,-2.6,4.3,1.1,-1.1,525.0,d,24.3681,0.1516,2.363,0.062,-0.062,3.791,2025-08-28,0.71,4796.0,67.5062,8.968,8.375
TOI-2000b,0.7,0.6,2.643,1381,9.3,TOI-2000 b,TOI-2000 b,1.0,TOI-2000,11.0,2.4,-2.4,3.07,0.94,-0.78,1488.0,b,3.09833,0.04271,2.7,0.15,-0.15,1.959,2023-06-27,1.134,5611.0,175.713,9.715,9.303001
TOI-2141,0.34,0.5,3.114,740,7.9,TOI-2141 b,TOI-2141 b,1.0,TOI-2141,24.0,4.0,-4.0,4.6,1.3,-1.3,722.0,b,18.26157,0.133,3.05,0.23,-0.23,4.9,2023-11-28,0.98,5659.0,77.682,8.268,7.87
HD_035843c,0.32,0.5,2.542,517,7.8,HD 35843 c,HD 35843 c,1.0,HD 35843,11.32,1.58,-1.48,3.8,0.68,-0.6,479.0,c,46.9622,0.25,2.54,0.08,-0.07,5.8,2025-05-13,0.897,5666.0,69.6026,8.151,7.782
TOI-125d,0.57,0.5,2.923,638,9.0,TOI-125 d,TOI-125 d,1.0,TOI-125,13.6,1.2,-1.2,2.98,0.65,-0.52,638.1,d,19.98,0.137,2.93,0.17,-0.17,3.1128,2020-02-06,0.848,5320.0,111.059,9.466,8.995
K2-138c,1.02,0.5,2.296,1132,10.3,K2-138 c,K2-138 c,1.0,K2-138,6.31,1.13,-1.23,2.8,0.7,-0.6,1012.0,c,3.56004,0.04461,2.299,0.12,-0.087,2.38,2021-03-12,0.863,5356.3,202.585,10.756,10.305
HIP_08152c,0.43,0.5,2.475,699,8.4,HIP 8152 c,HIP 8152 c,1.0,HIP 8152,10.7,2.1,-2.2,3.63,1.02,-1.38,650.68,c,19.60562,0.139,2.52442508,0.14962921,-0.14078921,4.383408,2024-07-23,0.9603,5618.0,101.694,8.847,8.449
TOI-3261,1.53,0.5,3.819,1718,11.2,TOI-3261 b,TOI-3261 b,1.0,TOI-3261,30.3,2.2,-2.4,3.0,1.1,-0.8,1722.0,b,0.8831331,0.01714,3.82,0.42,-0.35,1.618,2024-07-22,0.849,5068.0,300.141,11.664,11.184
TOI-1246e,0.85,0.5,3.774,501,9.9,TOI-1246 e,TOI-1246 e,1.0,TOI-1246,14.5,2.3,-2.3,1.83,0.47,-0.65,463.98,e,37.92548,0.212,3.5141875,0.26911442,-0.18217943,3.5440768,2024-07-22,0.8649,5213.0,169.422,10.294,9.907
TOI-1824,0.31,0.5,2.632,578,7.8,TOI-1824 b,TOI-1824 b,1.0,TOI-1824,16.0,2.6,-2.6,4.24,0.96,-1.21,528.67,b,22.808533,0.151,2.7438269,0.08672208,-0.07211466,4.1100011,2024-07-23,0.8123,5165.0,59.4314,8.283,7.757
K2-199c,0.97,0.5,2.845,695,10.3,K2-199 c,K2-199 c,1.0,K2-199,12.4,2.3,-2.3,2.9,0.7,-0.6,694.0,c,7.3744897,0.0662,2.85,0.1,-0.09,2.452,2022-03-28,0.682,4491.0,107.518,10.277,9.625
Kepler-065,0.77,0.5,2.621,1376,9.8,Kepler-65 b,Kepler-65 b,1.0,Kepler-65,2.45456926,2.39791183,-2.39791183,3.843609,3.774593,-3.774593,1740.0,b,2.15491,0.035,1.42,0.03,-0.03,3.077,2014-05-14,1.41,6211.0,303.728,10.066,9.806
TOI-2196,0.98,0.5,3.506,1856,10.4,TOI-2196 b,TOI-2196 b,1.0,TOI-2196,26.0,1.3,-1.3,3.31,0.51,-0.43,1860.0,b,1.1947268,0.02234,3.51,0.15,-0.15,1.504,2022-08-23,1.043,5634.0,259.947,10.743,10.346
TOI-561d,0.39,0.5,2.613,597,8.4,TOI-561 d,TOI-561 d,1.0,TOI-561,13.33,0.98,-0.98,4.1,0.4,-0.4,600.0,d,25.71268,0.1587,2.615,0.059,-0.059,4.73,2025-02-24,0.843,5342.0,85.799,8.879,8.394
TOI-1246c,0.78,0.5,2.509,932,9.9,TOI-1246 c,TOI-1246 c,1.0,TOI-1246,9.1,1.3,-1.2,3.39,0.78,-1.02,862.49,c,5.904137,0.061,2.45109846,0.13824169,-0.08751012,2.8928243,2024-07-22,0.8649,5213.0,169.422,10.294,9.907
Kepler-025,0.63,0.5,2.746,1330,9.5,Kepler-25 b,Kepler-25 b,1.0,Kepler-25,8.7,2.5,-2.3,2.32,0.67,-0.61,1255.46,b,6.238297,0.0695,2.748,0.038,-0.035,3.6178567,2019-06-07,1.316,6354.0,243.249,9.764,9.493
Kepler-080,2.24,0.5,2.505,640,12.2,Kepler-80 b,Kepler-80 b,1.0,Kepler-80,6.93,1.05,-0.7,1.38,0.24,-0.17,547.0,b,7.05246,0.0648,2.67,0.1,-0.1,2.3982,2016-08-04,0.678,4540.0,369.451,12.954,12.253
NGTS-04,1.27,0.5,3.181,1648,11.1,NGTS-4 b,NGTS-4 b,1.0,NGTS-4,20.6,3.0,-3.0,3.45,0.95,-0.95,1650.0,b,1.3373508,0.019,3.18,0.26,-0.26,1.8,2019-05-14,0.84,5143.0,280.555,11.584,11.073
HD_212729b,0.34,0.5,2.867,1104,8.2,TOI-1052 b,TOI-1052 b,1.0,TOI-1052,16.9,1.7,-1.7,3.93,1.7,-1.3,1135.0,b,9.139703,0.09103,2.87,0.29,-0.24,3.0912936,2023-08-10,1.264,6146.0,129.804,8.56,8.246
WASP-084c,0.42,0.4,1.949,1452,8.9,WASP-84 c,WASP-84 c,1.0,WASP-84,15.2,4.5,-4.2,11.2,4.5,-3.5,1329.0,c,1.4468849,0.02359,1.95,0.12,-0.12,1.111,2023-07-10,0.768,5238.0,100.588,9.346,8.855
K2-138d,0.8,0.4,2.386,985,10.3,K2-138 d,K2-138 d,1.0,K2-138,7.92,1.39,-1.35,3.1,0.7,-0.6,888.0,d,5.40479,0.05893,2.39,0.104,-0.084,2.7,2021-03-12,0.863,5356.3,202.585,10.756,10.305
WASP-047d,0.75,0.4,3.564,985,10.2,WASP-47 d,WASP-47 d,1.0,WASP-47,15.5,0.7,-0.9,1.44,0.42,-0.32,885.0,d,9.030501,0.085,3.65,0.03,-0.03,4.288,2024-08-16,1.156,5476.0,264.78,10.613,10.192
TOI-849,0.82,0.4,3.45,1965,10.4,TOI-849 b,TOI-849 b,1.0,TOI-849,41.8,2.5,-2.4,5.6,0.76,-0.92,1932.0,b,0.765548,0.0155,3.64,0.38,-0.38,1.452,2024-07-22,0.97,5257.0,225.734,10.832,10.418
Kepler-011,1.82,0.4,4.176,636,12.2,Kepler-11 b,Kepler-11 b,1.0,Kepler-11,1.9,1.4,-1.0,1.72,1.25,-0.91,849.0,b,10.3039,0.091,1.8,0.03,-0.05,4.116,2014-05-14,1.065,5663.0,646.346,12.548,12.18
HD_088986,0.06,0.4,2.486,460,4.9,HD 88986 b,HD 88986 b,1.0,HD 88986,17.2,4.0,-3.8,6.1,3.3,-2.3,460.0,b,146.05,0.58,2.49,0.18,-0.18,,2023-12-04,1.543,5861.0,33.2673,5.247,4.884
TOI-1751,0.24,0.4,2.766,688,7.9,TOI-1751 b,TOI-1751 b,1.0,TOI-1751,19.5,3.5,-3.4,4.13,0.99,-1.26,651.64,b,37.46852,0.215,2.9507845,0.11061818,-0.08190008,7.6512325,2024-07-23,1.3137,5970.0,113.335,8.251,7.934
K2-314d,0.52,0.4,3.942,729,9.7,EPIC 249893012 d,EPIC 249893012 d,1.0,EPIC 249893012,10.18,2.46,-2.42,0.91,0.25,-0.23,752.0,d,35.747,0.22,3.94,0.13,-0.12,9.56,2020-02-06,1.71,5430.0,321.296,10.216,9.714
K2-182,0.57,0.4,2.688,1069,9.9,K2-182 b,K2-182 b,1.0,K2-182,20.97667486,5.40308292,-5.08525451,5.7,1.6,-1.5,965.8,b,4.7369696,0.05174,2.71257333,0.11096891,-0.09079274,2.56632,2024-11-20,0.789,5128.0,154.83,10.408,9.913
Kepler-036,0.85,0.4,3.677,1014,10.8,Kepler-36 b,Kepler-36 b,1.0,Kepler-36,3.83,0.11,-0.1,6.26,0.79,-0.64,978.0,b,13.86825,0.11419,1.498,0.061,-0.049,6.78,2020-05-04,1.634,5979.0,527.956,11.124,10.788
K2-265,0.4,0.3,1.714,1420,9.3,K2-265 b,K2-265 b,1.0,K2-265,7.3418362,1.43022783,-1.39844499,7.9,2.1,-1.9,1366.0,b,2.36902,0.03359,1.70824866,0.11208981,-0.08070466,2.3088,2024-11-20,0.92,5420.0,138.671,9.726,9.259
Kepler-454,0.54,0.3,2.363,916,10.0,Kepler-454 b,Kepler-454 b,1.0,Kepler-454,5.4,1.4,-1.4,2.23,0.75,-0.64,916.0,b,10.5737534,0.09528,2.37,0.13,-0.13,1.6953,2023-04-17,1.066,5687.0,230.869,10.357,9.968
Kepler-026,1.85,0.3,3.108,468,12.6,Kepler-26 b,Kepler-26 b,1.0,Kepler-26,5.12,0.65,-0.61,1.26,0.21,-0.19,431.0,b,12.28,0.0847,2.78,0.11,-0.11,2.7096,2016-04-13,0.512,3914.0,335.307,13.408,12.63
TOI-561e,0.26,0.3,2.516,414,8.4,TOI-561 e,TOI-561 e,1.0,TOI-561,12.4,1.4,-1.4,4.3,0.5,-0.5,416.0,e,77.144,0.33,2.517,0.045,-0.045,7.138,2025-02-24,0.843,5391.0,85.799,8.879,8.394
K2-110,0.45,0.3,2.587,638,9.6,K2-110 b,K2-110 b,1.0,K2-110,15.9,2.7,-2.7,5.02,1.1,-0.98,638.0,b,13.86375,0.10207,2.592,0.098,-0.097,3.2184,2023-04-17,0.713,5010.0,116.474,10.184,9.607
TOI-815c,0.21,0.3,2.621,468,8.0,TOI-815 c,TOI-815 c,1.0,TOI-815,23.5,2.4,-2.4,7.2,1.1,-1.0,469.0,c,34.976145,0.193,2.62,0.1,-0.09,2.97,2024-05-13,0.77,4869.0,59.7117,8.531,7.999
K2-038c,0.41,0.3,2.285,926,9.5,K2-38 c,K2-38 c,1.0,K2-38,7.4,1.4,-1.3,2.63,1.0,-0.72,949.0,c,10.56103,0.0959,2.49,0.22,-0.22,2.64,2023-04-17,1.141,5705.0,192.69,9.911,9.47
Kepler-004,0.76,0.3,4.122,1621,10.8,Kepler-4 b,Kepler-4 b,1.0,Kepler-4,24.472,3.814,-3.814,1.91,0.36,-0.47,1650.0,b,3.21346,0.0456,4.002,0.213,-0.213,4.3141611,2014-05-14,1.487,5857.0,487.916,11.122,10.805
Kepler-020,0.7,0.3,3.044,844,10.9,Kepler-20 b,Kepler-20 b,1.0,Kepler-20,9.7,1.3,-1.3,9.4,1.5,-1.4,1187.0,b,3.6961049,0.04565,1.773,0.053,-0.03,2.463,2023-04-17,0.9164,5495.0,282.563,11.252,10.871
K2-199b,0.5,0.3,1.725,915,10.3,K2-199 b,K2-199 b,1.0,K2-199,6.9,1.8,-1.8,7.2,2.1,-2.0,913.0,b,3.2253993,0.0382,1.73,0.05,-0.04,2.017,2022-03-28,0.682,4491.0,107.518,10.277,9.625
K2-111,0.33,0.3,1.814,1304,9.4,K2-111 b,K2-111 b,1.0,K2-111,5.58,0.74,-0.73,5.0,1.1,-1.0,1309.0,b,5.3518,0.0565,1.82,0.11,-0.09,3.192,2023-04-17,1.25,5775.0,200.394,9.768,9.377
K2-314c,0.38,0.3,3.662,949,9.7,EPIC 249893012 c,EPIC 249893012 c,1.0,EPIC 249893012,14.67,1.84,-1.89,1.62,0.3,-0.29,990.0,c,15.624,0.13,3.67,0.17,-0.14,6.37,2020-02-06,1.71,5430.0,321.296,10.216,9.714
TOI-1853,0.44,0.3,3.45,1491,10.1,TOI-1853 b,TOI-1853 b,1.0,TOI-1853,73.2,2.7,-2.7,9.74,0.82,-0.76,1479.0,b,1.2436258,0.0213,3.46,0.08,-0.08,1.19,2023-09-19,0.808,4985.0,165.105,10.582,10.055
TOI-332,0.49,0.3,3.192,1872,10.3,TOI-332 b,TOI-332 b,1.0,TOI-332,57.2,1.6,-1.6,9.6,1.1,-1.3,1871.0,b,0.777038,0.0159,3.2,0.16,-0.11,1.52,2023-09-05,0.87,5251.0,222.852,10.776,10.315
K2-310b,1.06,0.2,2.587,528,12.2,EPIC 212737443 b,EPIC 212737443 b,1.0,EPIC 212737443,,,,,,,536.0,b,13.603,0.098,2.586,0.126,-0.126,2.976,2019-07-19,0.673,4684.0,336.25,12.824,12.16
K2-180,0.54,0.2,2.24,747,10.7,K2-180 b,K2-180 b,1.0,K2-180,11.41003981,2.38371305,-2.16123317,4.16,1.1,-0.92,797.5,b,8.865663,0.0756,2.46597575,0.10984801,-0.09639723,2.8488,2024-11-20,0.719,5365.0,203.896,11.146,10.677
WASP-047c,0.38,0.2,1.807,2225,10.2,WASP-47 c,WASP-47 c,1.0,WASP-47,447.0,18.0,-22.0,,,,219.3,c,589.57,1.36,,,,,2024-08-16,1.156,5476.0,264.78,10.613,10.192
Kepler-079,1.16,0.2,3.483,546,12.6,Kepler-79 b,Kepler-79 b,1.0,Kepler-79,10.9,7.4,-6.0,1.43,0.97,-0.78,929.0,b,13.4845,0.117,3.47,0.07,-0.07,5.0197,2016-03-09,1.302,6174.0,1020.72,12.913,12.606
Kepler-049,1.02,0.2,2.577,637,12.4,Kepler-49 b,Kepler-49 b,1.0,Kepler-49,9.77,0.94,-0.95,3.082111,0.391467,-0.391467,509.0,b,7.2,0.0595,2.579,0.087,-0.086,2.9766,2024-06-10,0.618,4095.6,311.222,13.184,12.383
Kepler-411,0.35,0.2,2.397,1057,10.1,Kepler-411 b,Kepler-411 b,1.0,Kepler-411,25.6,2.6,-2.6,10.3,1.3,-1.3,1138.0,b,3.005156,0.0375,2.401,0.053,-0.053,1.8111648,2019-07-03,0.82,4961.0,153.676,10.641,10.062
Kepler-011,0.91,0.2,3.108,702,12.2,Kepler-11 b,Kepler-11 b,1.0,Kepler-11,1.9,1.4,-1.0,1.72,1.25,-0.91,849.0,b,10.3039,0.091,1.8,0.03,-0.05,4.116,2014-05-14,1.065,5663.0,646.346,12.548,12.18
Kepler-049,0.88,0.2,2.442,555,12.4,Kepler-49 b,Kepler-49 b,1.0,Kepler-49,9.77,0.94,-0.95,3.082111,0.391467,-0.391467,509.0,b,7.2,0.0595,2.579,0.087,-0.086,2.9766,2024-06-10,0.618,4095.6,311.222,13.184,12.383
Kepler-289,0.91,0.2,3.024,502,12.5,Kepler-289 b,Kepler-289 b,1.0,Kepler-289,3.7,3.79,-1.96,1.45,1.5,-0.77,607.0,b,34.5383,0.21183,2.49,0.07,-0.07,3.482,2024-09-13,1.0,5990.0,704.438,12.861,12.508
Kepler-010,0.2,0.2,2.353,578,9.5,Kepler-10 b,Kepler-10 b,1.0,Kepler-10,3.24,0.32,-0.32,5.54,0.66,-0.62,2188.0,b,0.8374907,0.01685,1.47,0.03,-0.02,1.9640812,2025-06-11,1.065,5708.0,185.506,9.889,9.496
Kepler-030,1.33,0.2,3.752,601,13.6,Kepler-30 b,Kepler-30 b,1.0,Kepler-30,11.3,1.4,-1.4,1.02,0.13,-0.13,524.0,b,29.33434,0.18,3.9,0.2,-0.2,5.2536,2023-11-28,0.95,5498.0,914.221,13.997,13.581
K2-310c,0.68,0.2,2.688,312,12.2,EPIC 212737443 c,EPIC 212737443 c,1.0,EPIC 212737443,,,,,,,316.0,c,65.55,0.28,2.69,0.146,-0.146,4.608,2019-07-19,0.673,4684.0,336.25,12.824,12.16
Kepler-082,1.25,0.1,4.066,602,13.5,Kepler-82 b,Kepler-82 b,1.0,Kepler-82,12.15,0.96,-0.87,0.98,0.11,-0.16,562.0,b,26.44,0.1683,4.07,0.24,-0.1,4.3663,2019-07-19,0.898,5401.0,904.326,13.879,13.518
K2-263,0.21,0.1,2.408,470,9.8,K2-263 b,K2-263 b,1.0,K2-263,14.9,2.1,-2.1,5.8,1.3,-1.1,470.0,b,50.818947,0.2573,2.41,0.12,-0.12,3.408,2023-04-17,0.85,5368.0,162.481,10.216,9.748
Kepler-033,0.7,0.1,3.954,736,12.6,Kepler-33 b,Kepler-33 b,1.0,Kepler-33,,,,,,,1336.0,b,5.66793,0.0677,1.74,0.18,-0.18,4.88,2021-10-04,1.82,5904.0,1209.16,12.871,12.591
Kepler-033,0.68,0.1,3.539,802,12.6,Kepler-33 b,Kepler-33 b,1.0,Kepler-33,,,,,,,1336.0,b,5.66793,0.0677,1.74,0.18,-0.18,4.88,2021-10-04,1.82,5904.0,1209.16,12.871,12.591
Kepler-020,0.3,0.1,1.867,1209,10.9,Kepler-20 b,Kepler-20 b,1.0,Kepler-20,9.7,1.3,-1.3,9.4,1.5,-1.4,1187.0,b,3.6961049,0.04565,1.773,0.053,-0.03,2.463,2023-04-17,0.9164,5495.0,282.563,11.252,10.871
Kepler-538,0.17,0.1,2.213,365,9.6,Kepler-538 b,Kepler-538 b,1.0,Kepler-538,12.9,2.9,-2.9,6.5,1.5,-1.5,417.0,b,81.73778,0.3554,2.215,0.04,-0.034,6.7005,2023-04-17,0.8717,5534.0,155.956,10.026,9.645001
K2-314b,0.16,0.1,1.949,1579,9.7,EPIC 249893012 b,EPIC 249893012 b,1.0,EPIC 249893012,8.75,1.09,-1.08,6.39,1.19,-1.04,1616.0,b,3.5951,0.047,1.95,0.09,-0.08,4.33,2020-02-06,1.71,5430.0,321.296,10.216,9.714
Kepler-165,0.35,0.1,1.904,761,12.6,Kepler-165 b,Kepler-165 b,1.0,Kepler-165,,,,,,,716.0,b,8.180848,0.072,2.32,1.41,-1.41,2.869,2014-05-14,0.77,5211.0,560.885,13.43,12.843
K2-066,0.14,0.1,2.486,1499,10.6,K2-66 b,K2-66 b,1.0,K2-66,21.3,3.6,-3.6,7.8,2.7,-2.7,1372.0,b,5.06963,0.05983,2.49,0.34,-0.24,4.71,2019-07-19,1.67,5887.0,513.877,10.948,10.609
Kepler-165,0.2,0.0,1.904,871,12.6,Kepler-165 b,Kepler-165 b,1.0,Kepler-165,,,,,,,716.0,b,8.180848,0.072,2.32,1.41,-1.41,2.869,2014-05-14,0.77,5211.0,560.885,13.43,12.843
Kepler-278,0.03,0.0,3.27,755,9.5,Kepler-278 b,Kepler-278 b,1.0,Kepler-278,56.0,37.0,-13.0,5.0,3.2,-1.1,586.0,b,30.1556,0.202,3.955,0.08,-0.08,7.874,2025-09-17,2.861,4965.0,443.03,10.047,9.465
