star,trans,snr,radius,scale_temp,kmag,nasa_pl_name,pl_name,hostname,pl_letter,pl_rade,pl_radeerr1,pl_radeerr2,pl_orbper,pl_eqt,pl_bmasse,pl_bmasseerr1,pl_bmasseerr2,pl_orbsmax,pl_dens,pl_denserr1,pl_denserr2,st_teff,st_rad,sy_dist,default_flag
GJ_1214,10.2,10.8,2.731,566,8.8,GJ 1214 b,GJ 1214 b,GJ 1214,b,2.733,0.033,-0.031,1.580404531,567,8.41,0.36,-0.35,0.01505,2.26,0.11,-0.11,3101,0.2162,14.6427,1
GJ_0436,2.89,10.6,4.099,633,6.1,GJ 436 b,GJ 436 b,GJ 436,b,4.17,0.168,-0.168,2.64388312,,22.1,2.3,-2.3,0.0291,1.8,0.29,-0.29,,0.455,9.75321,1
pi_Men_c,0.8,6.9,2.144,1203,4.2,pi Men c,pi Men c,HD 39091,c,2.11,0.05,-0.05,6.267852,,4.3,0.7,-0.7,0.068,2.8,0.5,-0.5,5998,1.17,18.2702,1
GJ_3470,4.3,6.5,3.875,655,8,GJ 3470 b,GJ 3470 b,GJ 3470,b,4.57,0.18,-0.18,3.3366496,593.5,13.9,1.5,-1.5,0.0355,0.8,0.13,-0.13,3600,0.547,29.4214,1
55_Cnc_e,0.66,6.3,1.895,1960,4,55 Cnc e,55 Cnc e,55 Cnc,e,1.875,0.029,-0.029,0.7365474,,7.99,0.32,-0.33,0.01544,6.66,0.43,-0.4,5172,0.943,12.5855,1
GJ_3090,2.76,5.8,2.162,691,7.3,GJ 3090 b,GJ 3090 b,GJ 3090,b,2.13,0.11,-0.11,2.8531054,693,3.34,0.72,-0.72,0.03165,1.89,0.52,-0.45,3556,0.516,22.4751,1
HD_191939d,2.06,4.5,2.993,550,7.2,HD 191939 d,HD 191939 d,HD 191939,d,2.995,0.07,-0.07,38.353037,540,2.8,0.6,-0.6,0.2132,0.57,0.13,-0.13,5348,0.94,53.6089,1
TOI-544,2.68,4.4,2.016,1058,7.8,TOI-544 b,TOI-544 b,TOI-544,b,2.018,0.076,-0.076,1.548352,999,2.89,0.48,-0.48,0.0225,1.93,0.3,-0.25,4169,0.623,41.1166,1
HR_858b,0.77,4.3,2.003,1554,5.2,HR 858 b,HR 858 b,HR 858,b,2.004,0.045,-0.047,3.585287,1552,3.55,0.94,-0.96,0.04888,2.44,0.69,-0.68,6354,1.258,31.964,1
TOI-431d,1.5,4.1,3.293,638,6.7,TOI-431 d,TOI-431 d,TOI-431,d,3.29,0.09,-0.09,12.46103,633,9.9,1.53,-1.49,0.098,1.36,0.25,-0.25,4850,0.731,32.5686,1
LP_791-18c,8.77,3.9,2.486,343,10.6,LP 791-18 c,LP 791-18 c,LP 791-18,c,2.438,0.096,-0.096,4.9899093,324.4,7.1,0.7,-0.7,0.02961,,,,2960,0.182,26.4927,1
HD_136352c,0.44,3.9,2.85,676,4.2,HD 136352 c,HD 136352 c,HD 136352,c,2.916,0.075,-0.073,27.59221,677,11.24,0.65,-0.63,0.1721,2.497668,0.248113,-0.226058,5664,1.058,14.682,1
GJ_9827d,1.75,3.8,1.982,655,7.2,GJ 9827 d,GJ 9827 d,GJ 9827,d,1.98,0.11,-0.1,6.20183,675,3.02,0.58,-0.57,0.053,,,,4236,0.58,29.661,1
TOI-2443,1.24,3.7,2.361,517,6.5,TOI-2443 b,TOI-2443 b,TOI-2443,b,2.363,0.066,-0.066,15.66858,519,4.8,1.1,-1.1,0.105,2,0.49,-0.45,4375,0.631,23.9258,1
TOI-2015,6.79,3.6,3.306,531,10.3,TOI-2015 b,TOI-2015 b,TOI-2015,b,3.309,0.013,-0.011,3.348237,530.9,9.2,0.32,-0.35,0.029322,1.4,0.052,-0.056,3297,0.3273,47.3444,1
TOI-2134b,0.97,3.5,2.677,665,6.1,TOI-2134 b,TOI-2134 b,TOI-2134,b,2.69,0.16,-0.16,9.2292005,666,9.13,0.78,-0.76,0.078,2.607,0.516,-0.516,4580,0.709,22.6202,1
TOI-4438,3.24,3.3,2.52,435,8.9,TOI-4438 b,TOI-4438 b,TOI-4438,b,2.52,0.13,-0.13,7.44628,435,5.4,1.1,-1.1,0.0534,1.85,0.51,-0.44,3422,0.372,30.0346,1
TOI-1266b,3.19,3.3,2.621,414,8.8,TOI-1266 b,TOI-1266 b,TOI-1266,b,2.52,0.08,-0.08,10.8945,415,4.46,0.69,-0.69,0.073,1.54,0.28,-0.28,3563,0.4232,36.0118,1
TOI-270c,2.4,3.2,2.328,489,8.2,TOI-270 c,TOI-270 c,TOI-270,c,2.355,0.064,-0.064,5.6605731,488,6.15,0.37,-0.37,0.04526,2.6,0.26,-0.26,3506,0.378,22.4793,1
HD_191939b,1.38,3,3.407,897,7.2,HD 191939 b,HD 191939 b,HD 191939,b,3.41,0.075,-0.075,8.8803256,880,10,0.7,-0.7,0.0804,1.4,0.15,-0.13,5348,0.94,53.6089,1
HD_097658,0.69,3,2.246,761,5.7,HD 97658 b,HD 97658 b,HD 97658,b,2.12,0.06,-0.06,9.4897116,751,8.3,1.1,-1.1,,4.8,0.7,-0.7,5212,0.728,21.5618,1
HD_207496,0.9,2.6,2.251,812,6.6,HD 207496 b,HD 207496 b,HD 207496,b,2.25,0.12,-0.1,6.441008,743,6.1,1.6,-1.6,0.0629,3.17,0.97,-0.91,4819,0.769,23.606,1
G_9-40,2.86,2.5,1.898,440,9.2,G 9-40 b,G 9-40 b,G 9-40,b,1.9,0.065,-0.065,5.7459982,440.6,4,0.63,-0.63,0.0418,3.2,0.63,-0.58,3395,0.3026,27.9276,1
TOI-836c,0.93,2.4,2.585,653,6.8,TOI-836 c,TOI-836 c,TOI-836,c,2.587,0.088,-0.088,8.59545,665,9.6,2.7,-2.5,0.075,3.06,0.48,-0.54,4552,0.665,27.5024,1
TOI-270d,1.78,2.4,1.998,387,8.2,TOI-270 d,TOI-270 d,TOI-270,d,2.133,0.058,-0.058,11.379573,387,4.78,0.43,-0.43,0.0721,2.72,0.33,-0.33,3506,0.378,22.4793,1
TOI-5800,1.08,2.4,2.677,1121,7.2,TOI-5800 b,TOI-5800 b,TOI-5800,b,2.46,0.18,-0.16,2.6278838,1108,9.5,1.7,-1.9,0.0344,3.46,1.02,-0.9,4850,0.773,42.9052,1
TOI-1231,1.62,2.4,3.651,330,8.1,TOI-1231 b,TOI-1231 b,TOI-1231,b,3.65,0.16,-0.15,24.245586,329.6,15.4,3.3,-3.3,0.1288,1.74,0.47,-0.42,3553,0.476,27.6227,1
TOI-1201,2.11,2.4,2.408,705,8.6,TOI-1201 b,TOI-1201 b,TOI-1201,b,2.415,0.091,-0.09,2.4919863,703,6.28,0.84,-0.88,0.0287,2.45,0.48,-0.42,3476,0.508,37.8871,1
TOI-178g,2.16,2.3,2.937,474,8.8,TOI-178 g,TOI-178 g,TOI-178,g,2.87,0.14,-0.13,20.7095,470,3.94,1.31,-1.62,0.1275,0.915,0.36,-0.37,4316,0.651,62.699,1
TOI-1136e,1.51,2.3,2.636,734,8,TOI-1136 e,TOI-1136 e,TOI-1136,e,,,,18.801,737,6.07,1.09,-1.01,,1.81,0.35,-0.35,5770,0.968,84.5362,1
TOI-178d,2.07,2.2,2.692,695,8.8,TOI-178 d,TOI-178 d,TOI-178,d,2.572,0.075,-0.078,6.5577,690,3.01,0.8,-1.03,0.0592,0.976,0.3,-0.34,4316,0.651,62.699,1
TOI-1266c,2.14,2.2,2.128,351,8.8,TOI-1266 c,TOI-1266 c,TOI-1266,c,1.98,0.1,-0.1,18.8027,346,3.17,0.76,-0.76,0.105,2.25,0.64,-0.64,3563,0.4232,36.0118,1
HD_042813b,1.19,2.2,3.405,757,7.6,HD 42813 b,HD 42813 b,HD 42813,b,3.41,0.046,-0.046,13.6308205,716,9.1,0.82,-0.79,0.111,,,,5289,0.98,68.192,1
HD_136352d,0.25,2.2,2.505,430,4.2,HD 136352 d,HD 136352 d,HD 136352,d,2.562,0.088,-0.079,107.245,431,8.82,0.93,-0.92,0.425,2.878108,0.430062,-0.39698,5664,1.058,14.682,1
HD_191939c,0.96,2.1,3.192,607,7.2,HD 191939 c,HD 191939 c,HD 191939,c,3.195,0.075,-0.075,28.579743,600,8,1,-1,0.1752,1.35,0.2,-0.2,5348,0.94,53.6089,1
TOI-1430,0.88,2,1.98,809,7.1,HD 235088 b,HD 235088 b,HD 235088,b,1.982,0.072,-0.069,7.4341325,,4.15,0.83,-0.83,0.0706,2.922216,0.661634,-0.661634,5075,0.772,41.1706,1
TOI-815b,1.34,2,2.934,685,8,TOI-815 b,TOI-815 b,TOI-815,b,2.94,0.05,-0.05,11.197259,686,7.6,1.5,-1.4,0.0903,1.64,0.33,-0.31,4869,0.77,59.7117,1
TOI-1759,1.26,2,3.248,453,7.9,TOI-1759 b,TOI-1759 b,TOI-1759,b,3.14,0.1,-0.1,18.85019,443,10.8,1.5,-1.5,0.1177,1.91,0.32,-0.32,4065,0.597,40.0654,1
TOI-836b,0.74,2,1.702,871,6.8,TOI-836 b,TOI-836 b,TOI-836,b,1.704,0.067,-0.067,3.81673,871,4.53,0.92,-0.86,0.0422,5.02,0.36,-0.44,4552,0.665,27.5024,1
LTT_3780c,1.42,2,2.386,347,8.2,LTT 3780 c,LTT 3780 c,LTT 3780,c,2.39,0.1,-0.11,12.252284,359,8.04,0.5,-0.48,0.0757,3.24,0.55,-0.43,3358,0.38,21.9814,1
TOI-969,1.93,2,2.763,1078,8.9,TOI-969 b,TOI-969 b,TOI-969,b,2.765,0.088,-0.097,1.8237305,941,9.1,1,-1,0.02636,2.34,0.39,-0.34,4435,0.671,77.2554,1
TOI-561c,1.54,1.9,2.863,797,8.4,TOI-561 c,TOI-561 c,TOI-561,c,2.865,0.041,-0.041,10.778838,802,5.93,0.67,-0.67,0.0889,1.3,0.2,-0.2,,0.843,85.799,1
K2-036c,2.44,1.9,3.192,864,9.4,K2-36 c,K2-36 c,K2-36,c,3.2,0.3,-0.3,5.340888,854,7.9,2.8,-2.8,0.05528,1.3,0.71,-0.51,4916,0.718,109.749,1
TOI-421b,1.29,1.9,2.643,1008,8.1,TOI-421 b,TOI-421 b,TOI-421,b,2.64,0.08,-0.08,5.197576,922,6.7,0.6,-0.6,0.0554,2.040038,0.275681,-0.275681,5291,0.866,74.7969,1
TOI-1130b,1.47,1.9,3.662,824,8.4,TOI-1130 b,TOI-1130 b,TOI-1130,b,3.66,0.03,-0.04,4.074554,825,19.8,0.2,-0.3,0.0453,2.23,0.06,-0.06,4360,0.697,58.2609,1
TOI-1136c,1.26,1.9,2.876,1058,8,TOI-1136 c,TOI-1136 c,TOI-1136,c,,,,6.2574,1062,6.32,1.1,-1.3,0.0669,1.45,0.29,-0.29,5770,0.968,84.5362,1
TOI-663b,2.59,1.9,2.274,739,9.6,TOI-663 b,TOI-663 b,TOI-663,b,2.27,0.1,-0.09,2.598902,674,4.45,0.63,-0.66,0.0295,2.07,0.42,-0.38,3681,0.512,64.2308,1
TOI-663c,2.55,1.8,2.262,607,9.6,TOI-663 c,TOI-663 c,TOI-663,c,2.26,0.1,-0.1,4.6955507,553,3.65,0.97,-0.97,0.0437,1.73,0.54,-0.49,3681,0.512,64.2308,1
TOI-178e,1.69,1.8,2.299,605,8.8,TOI-178 e,TOI-178 e,TOI-178,e,2.207,0.088,-0.09,9.961881,600,3.86,1.25,-0.94,0.0783,1.98,0.788,-0.53,4316,0.651,62.699,1
HD_086226c,0.57,1.8,2.162,1310,6.5,HD 86226 c,HD 86226 c,HD 86226,c,2.16,0.08,-0.08,3.98442,1311,7.25,1.19,-1.12,0.049,3.97,0.78,-0.73,5863,1.053,45.683,1
TOI-269,3.04,1.7,2.766,575,10.1,TOI-269 b,TOI-269 b,TOI-269,b,2.77,0.12,-0.12,3.6977104,531,8.8,1.4,-1.4,0.0345,2.28,0.48,-0.42,3514,0.398,57.0225,1
TOI-1422,1.99,1.7,3.954,865,9.2,TOI-1422 b,TOI-1422 b,TOI-1422,b,3.96,0.13,-0.11,12.9972,867,9,2.3,-2,0.108,0.795,0.29,-0.235,5840,1.019,155.141,1
HD_021749b,0.34,1.7,2.856,408,5.4,GJ 143 b,GJ 143 b,GJ 143,b,2.61,0.17,-0.16,35.61253,422,22.7,2.2,-1.9,0.1915,7,1.6,-1.3,4640,0.695,16.32,1
HD_015337c,0.73,1.7,2.524,644,7,HD 15337 c,HD 15337 c,HD 15337,c,2.526,0.086,-0.075,17.180546,,6.792,1.302,-1.143,,2.303,0.505,-0.414,5131,0.855,44.8155,1
K2-025b,3.29,1.6,3.427,494,10.4,K2-25 b,K2-25 b,K2-25,b,3.44,0.12,-0.12,3.48456408,494,24.5,5.7,-5.2,0.0287,,,,3207,0.2932,44.9565,1
LHS_1140b,1.55,1.6,1.728,225,8.8,LHS 1140 b,LHS 1140 b,LHS 1140,b,1.73,0.025,-0.025,24.73723,226,5.6,0.19,-0.19,0.0946,5.9,0.3,-0.3,3096,0.2159,14.9861,1
K2-266d,1.58,1.6,2.923,538,8.9,K2-266 d,K2-266 d,K2-266,d,2.93,0.14,-0.12,14.697,538.3,8.9,5.7,-3.8,0.1035,2.03,0.64,-0.43,4285,0.703,77.5586,1
TOI-1054,0.84,1.5,3.084,916,7.6,TOI-1054 b,,,,,,,,,,,,,,,,,,,
TOI-824,1.23,1.5,2.923,1257,8.4,TOI-824 b,TOI-824 b,TOI-824,b,2.926,0.202,-0.191,1.392978,1253,18.467,1.843,-1.875,0.02177,4.03,0.98,-0.78,4600,0.695,63.9262,1
TOI-1246d,2.39,1.5,3.506,636,9.9,TOI-1246 d,TOI-1246 d,TOI-1246,d,3.43139739,0.14960553,-0.11612674,18.654874,587.77,5.4,1.9,-1.9,0.132,0.73,0.28,-0.33,5213,0.8649,169.422,1
HR_858d,0.26,1.5,1.999,1062,5.2,HR 858 d,HR 858 d,HR 858,d,2.001,0.063,-0.064,11.230511,1061,7.1,1.6,-1.6,0.1046,4.9,1.2,-1.1,6354,1.258,31.964,1
TOI-654,2.32,1.4,2.377,798,9.9,TOI-654.01,TOI-654.01,TOI-654,b,2.378,0.089,-0.089,1.527561,794,8.71,1.25,-1.25,0.01944,3.59,0.65,-0.65,3521,0.43,57.7553,1
Wolf_503,0.79,1.4,2.042,790,7.6,Wolf 503 b,Wolf 503 b,Wolf 503,b,2.043,0.069,-0.069,6.00127,789,6.27,0.85,-0.84,0.05712,4.03,0.72,-0.64,4716,0.689,44.526,1
HD_003167c,0.6,1.4,2.916,564,7.1,HD 3167 c,HD 3167 c,HD 3167,c,3,0.45,-0.21,29.8454,564,11.13,0.78,-0.74,0.1776,2.11,0.51,-0.69,5261,0.88,47.2899,1
HD_073583c,0.56,1.4,2.386,497,6.9,HD 73583 c,HD 73583 c,HD 73583,c,2.39,0.1,-0.09,18.87974,498,9.7,1.8,-1.7,0.1242,3.88,0.91,-0.8,4511,0.65,31.5666,1
TOI-1470b,1.61,1.4,2.173,725,9.3,TOI-1470 b,TOI-1470 b,TOI-1470,b,2.18,0.04,-0.04,2.527093,734,7.32,1.21,-1.24,0.0285,3.86,0.7,-0.68,3709,0.469,51.9503,1
HD_207897,0.39,1.3,2.499,632,6.3,HD 207897 b,HD 207897 b,HD 207897,b,2.34302132,0.123646,-0.09173373,16.20166,581.75,14.8,1.5,-1.4,0.117,6.29,1.32,-1.78,5106,0.7827,28.2938,1
HD_093963c,0.77,1.3,3.228,1335,7.8,HD 93963 A c,HD 93963 A c,HD 93963 A,c,3.11976057,0.13502367,-0.10446158,3.6451389,1212.45,18.4,3.2,-3.1,0.04726,3.31,0.8,-1.01,5908,1.0311,82.3432,1
K2-093c,0.75,1.3,2.725,757,7.7,HIP 41378 c,HIP 41378 c,HIP 41378,c,,,,31.70648,,,,,,,,,6226,1.343,106.289,1
TOI-776b,0.8,1.3,1.826,513,7.9,TOI-776 b,TOI-776 b,TOI-776,b,1.798,0.078,-0.077,8.24662,520,5,1.6,-1.6,0.0653,4.8,1.8,-1.6,3725,0.547,27.1701,1
HD_023472c,0.62,1.3,1.87,469,7.3,HD 23472 c,HD 23472 c,HD 23472,c,1.87,0.12,-0.11,29.79749,467,3.41,0.88,-0.81,0.1646,3.1,1,-0.84,4684,0.71,39.0341,1
HD_183579,0.57,1.3,3.488,758,7.2,HD 183579 b,HD 183579 b,HD 183579,b,3.49,0.07,-0.064,17.471291,752,20.4,2.6,-2.5,0.1322,2.65,0.37,-0.35,5784,0.96,57.2651,1
TOI-1136b,0.84,1.3,1.904,1210,8,TOI-1136 b,TOI-1136 b,TOI-1136,b,,,,4.1727,1216,3.5,0.8,-0.7,0.05106,2.8,1,-1,5770,0.968,84.5362,1
TOI-130,0.44,1.3,2.453,943,6.6,HD 5278 b,HD 5278 b,HD 5278,b,2.45,0.05,-0.05,14.339156,943,7.8,1.5,-1.4,0.1202,2.9,0.6,-0.5,6203,1.194,57.5846,1
Ross_176,0.99,1.2,1.837,682,8.4,Ross 176 b,Ross 176 b,Ross 176,b,1.84,0.08,-0.08,5.0066338,682,4.57,0.89,-0.93,0.0464,4.03,0.49,-0.81,4041,0.569,46.4488,1
HD_110113,1.02,1.2,2.05,1453,8.5,HD 110113 b,HD 110113 b,HD 110113,b,2.05,0.12,-0.12,2.541,1371,4.55,0.62,-0.62,0.035,2.9,0.75,-0.59,5732,0.968,106.307,1
TOI-125c,1.26,1.2,2.755,828,9,TOI-125 c,TOI-125 c,TOI-125,c,2.759,0.1,-0.1,9.15059,827.8,6.63,0.99,-0.99,0.0814,1.73,0.33,-0.33,5320,0.848,111.059,1
K2-003b,1.02,1.2,2.076,501,8.6,K2-3 b,K2-3 b,K2-3,b,2.078,0.076,-0.067,10.0546535,501.3,5.11,0.65,-0.64,0.0747,3.11,0.49,-0.46,3844,0.546,44.0727,1
TOI-1272,1.69,1.2,4.133,1051,9.7,TOI-1272 b,TOI-1272 b,TOI-1272,b,4.13204907,0.2262768,-0.15125906,3.31599,975,27,2.7,-2.5,0.0417,2.09,0.44,-0.59,5065,0.7934,137.572,1
TOI-776c,0.72,1.1,2.061,414,7.9,TOI-776 c,TOI-776 c,TOI-776,c,2.047,0.081,-0.078,15.665323,420,6.9,2.6,-2.5,0.1001,4.4,1.8,-1.6,3725,0.547,27.1701,1
TOI-178f,1.04,1.1,2.415,525,8.8,TOI-178 f,TOI-178 f,TOI-178,f,2.287,0.108,-0.11,15.231915,521,7.72,1.67,-1.52,0.1039,3.6,1.2,-0.83,4316,0.651,62.699,1
TOI-1736,0.51,1.1,3.046,1180,7.3,TOI-1736 b,TOI-1736 b,TOI-1736,b,3.18175535,0.12195694,-0.09508409,7.073076,1099.79,12.3,1.5,-1.4,0.073,2.09,0.43,-0.56,5636,1.4286,88.9482,1
TOI-179,0.43,1.1,2.598,991,6.9,HD 18599 b,HD 18599 b,HD 18599,b,2.6,0.15,-0.13,4.1374354,,24.1,7.1,-7.7,0.048,7.5,2.6,-2.4,5145,0.767,38.5653,1
TOI-1260b,1.1,1.1,2.408,872,8.9,TOI-1260 b,TOI-1260 b,TOI-1260,b,2.41,0.05,-0.05,3.127463,871,8.56,1.54,-1.54,0.0367,3.35,0.64,-0.64,4227,0.672,73.5977,1
TOI-406c,1.05,1.1,2.083,368,8.9,TOI-406 c,TOI-406 c,TOI-406,c,1.32,0.12,-0.12,3.307441,584,2.08,0.23,-0.22,0.0322,4.9,1.4,-1.4,3392,0.41,31.0597,1
HD_006061,0.53,1.1,2.453,1192,7.4,HD 6061 b,HD 6061 b,HD 6061,b,2.42763557,0.09903199,-0.07283589,5.2549,1075.31,10,2.5,-2.5,0.06,3.82,1.1,-1.39,5934,1.0072,67.6203,1
HD_077946,0.59,1.1,2.703,1243,7.6,HD 77946 b,HD 77946 b,HD 77946,b,2.89646124,0.1867559,-0.14235529,6.527363,1128.86,10.9,1.8,-1.7,0.073,2.44,0.61,-0.83,6007,1.3174,99.451,1
TOI-1246b,1.68,1.1,3.013,1040,9.9,TOI-1246 b,TOI-1246 b,TOI-1246,b,3.01,0.06,-0.06,4.30744,955,8.1,1.1,-1.1,0.049,1.63,0.23,-0.23,5151,0.86,169.422,1
K2-002,0.7,1,2.464,753,8,HIP 116454 b,HIP 116454 b,HIP 116454,b,2.469,0.1,-0.091,9.1004157,753.2,9.7,1.2,-1.2,0.0792,3.53,0.63,-0.57,5048,0.758,62.4491,1
TOI-1695,0.99,1,1.904,688,8.8,TOI-1695 b,TOI-1695 b,TOI-1695,b,1.9,0.16,-0.14,3.1342791,698,6.36,1,-1,0.033548,5,1.8,-1.3,3690,0.515,45.1309,1
TOI-125b,1.07,1,2.724,1037,9,TOI-125 b,TOI-125 b,TOI-125,b,2.726,0.075,-0.075,4.65382,1037,9.5,0.88,-0.88,0.05186,2.57,0.33,-0.33,5320,0.848,111.059,1
TOI-1634,0.88,1,1.772,920,8.6,TOI-1634 b,TOI-1634 b,TOI-1634,b,1.773,0.077,-0.077,0.9893455,,7.57,0.71,-0.72,,7.6,1.3,-1.1,3472,0.45,35.2736,1
TOI-4010b,1.79,1,3.013,1439,10.2,TOI-4010 b,TOI-4010 b,TOI-4010,b,3.02,0.08,-0.08,1.348335,1441,11,1.29,-1.27,0.0229,2.2,0.3,-0.3,4960,0.83,177.504,1
K2-018b,1,1,2.71,301,8.9,K2-18 b,K2-18 b,K2-18,b,2.37,0.22,-0.22,32.939623,284,8.92,1.7,-1.6,0.1429,4.11,1.72,-1.18,3457,0.411,38.0266,1
HD_152843b,0.55,1,3.046,1123,7.6,HD 152843 b,HD 152843 b,HD 152843,b,3.41,0.14,-0.12,11.6264,,11.56,6.58,-6.14,0.1053,1.58,0.96,-0.83,6310,1.43,107.898,1
TOI-1803b,1.4,1,2.99,780,9.7,TOI-1803 b,TOI-1803 b,TOI-1803,b,2.99,0.08,-0.08,6.293287,747,10.32,1.66,-0.48,0.06,2.15031,0.551362,-0.551362,4687,0.715,119.24,1
TOI-6054c,0.35,1,2.811,1145,6.7,TOI-6054.02,TOI-6054.02,TOI-6054,c,2.864,0.373,-0.226,12.57499803,,,,,0.110878,,,,6112,1.612,79.407,1
K2-100,1.1,1,3.875,1839,9.2,K2-100 b,K2-100 b,K2-100,b,3.88,0.16,-0.16,1.6739035,1841,21.8,6.2,-6.2,0.0301,2.04,0.66,-0.61,5945,1.24,188.959,1
HD_015337b,0.4,0.9,1.768,989,7,HD 15337 b,HD 15337 b,HD 15337,b,1.77,0.032,-0.03,4.7559804,,6.519,0.409,-0.4,,6.458,0.518,-0.51,5131,0.855,44.8155,1
K2-266e,0.92,0.9,2.733,490,8.9,K2-266 e,K2-266 e,K2-266,e,2.73,0.14,-0.11,19.482,490.1,14.3,6.4,-5,0.1249,2.21,0.7,-0.47,4285,0.703,77.5586,1
TOI-733,0.56,0.9,1.99,1055,7.8,TOI-733 b,TOI-733 b,TOI-733,b,1.992,0.085,-0.09,4.884765,1055.8,5.72,0.7,-0.68,0.0618,3.98,0.77,-0.66,5585,0.949,75.2092,1
TOI-5076,0.78,0.9,3.487,540,8.6,TOI-5076 b,TOI-5076 b,TOI-5076,b,3.48935569,0.09975993,-0.09415544,23.443162,550,16.14568308,2.47906157,-2.47906157,0.1481,2.08,0.35,-0.34,4780,0.844,82.857,1
HD_020329,0.4,0.9,1.714,2138,7.1,HD 20329 b,HD 20329 b,HD 20329,b,1.72,0.07,-0.07,0.926118,2141,7.42,1.09,-1.09,0.018,8.06,1.53,-1.53,5596,1.13,63.6796,1
K2-093b,0.52,0.9,2.593,959,7.7,HIP 41378 b,HIP 41378 b,HIP 41378,b,,,,15.572098,,,,,,,,,6226,1.343,106.289,1
Kepler-088,2.9,0.9,3.774,1044,11.4,KOI-142 b,KOI-142 b,KOI-142,b,3.438,0.075,-0.075,10.91647,,9.5,1.1,-1.1,,1.29,0.16,-0.16,5466,0.897,376.863,1
TOI-757,0.55,0.9,2.498,640,7.9,TOI-757 b,TOI-757 b,TOI-757,b,2.5,0.1,-0.1,17.46819,641,10.5,2.2,-2.1,0.122,3.6,0.8,-0.8,5278,0.78,60.3418,1
TOI-220,0.75,0.9,3.024,792,8.5,TOI-220 b,TOI-220 b,TOI-220,b,3.03,0.15,-0.15,10.695264,805,13.8,1,-1,0.08911,2.73,0.47,-0.47,5298,0.858,90.7402,1
HIP_08152b,0.71,0.9,2.554,856,8.4,HIP 8152 b,HIP 8152 b,HIP 8152,b,2.53625843,0.15691518,-0.13542085,10.751014,794.96,8.9,1.7,-1.7,0.093,2.97,0.81,-1.08,5618,0.9603,101.694,1
TOI-178c,0.81,0.9,1.753,879,8.8,TOI-178 c,TOI-178 c,TOI-178,c,1.669,0.114,-0.099,3.23845,873,4.77,0.55,-0.68,0.037,5.62,1.5,-1.3,4316,0.651,62.699,1
K2-370,0.99,0.8,2.668,1481,9.2,K2-370 b,K2-370 b,K2-370,b,3.207,0.224,-0.548,2.14084,,,,,,,,,5377,0.971,144.202,1
TOI-238c,0.73,0.8,2.184,775,8.6,TOI-238 c,TOI-238 c,TOI-238,c,2.18,0.18,-0.18,8.465651,696,6.7,1.1,-1.1,0.0749,1.83,0.66,-0.66,5059,0.733,80.5407,1
HD_095338,0.29,0.8,3.886,447,6.6,HD 95338 b,HD 95338 b,HD 95338,b,3.89,0.19,-0.2,55.087,385,42.44,2.22,-2.08,0.262,3.98,0.62,-0.64,5212,0.87,36.9941,1
TOI-2458,0.52,0.8,2.822,1509,7.9,TOI-2458 b,TOI-2458 b,TOI-2458,b,2.83,0.2,-0.18,3.73659,1509.4,13.31,0.99,-0.96,0.0482,3.23,0.76,-0.64,6005,1.31,112.958,1
TOI-132,1.16,0.8,3.427,1531,9.6,TOI-132 b,TOI-132 b,TOI-132,b,3.42,0.13,-0.14,2.1097019,1395,22.4,1.9,-1.92,0.026,3.08,0.44,-0.46,5397,0.9,163.678,1
K2-019c,2.3,0.8,4.099,767,11.2,K2-19 c,K2-19 c,K2-19,c,4.1,0.2,-0.2,11.8993,,10.8,0.6,-0.6,,,,,5322,0.82,289.827,1
K2-079,1.28,0.8,4.088,1023,9.9,K2-79 b,K2-79 b,K2-79,b,4.09,0.17,-0.12,10.9947,1022,9.2,2.4,-2.4,0.0988,0.73,0.21,-0.2,5897,1.265,256.011,1
TOI-1238c,0.91,0.8,2.106,780,9.2,TOI-1238 c,TOI-1238 c,TOI-1238,c,2.11,0.14,-0.14,3.294736,695,8.32,1.9,-1.88,0.037,4.9,2.5,-1.8,4089,0.58,70.7145,1
K2-167b,0.31,0.8,2.33,1193,6.9,K2-167 b,K2-167 b,K2-167,b,2.36509493,0.21297063,-0.14571675,9.978541,1220,,,,0.0932,,,,6310,1.499,80.8994,1
TOI-5817,0.34,0.8,2.778,950,7.1,TOI-5817 b,TOI-5817 b,TOI-5817,b,3.08,0.14,-0.14,15.61031,950,10.3,1.4,-1.3,0.1223,1.93,0.41,-0.34,5770,1.427,80.7542,1
TOI-1062,0.58,0.8,2.262,1032,8.3,TOI-1062 b,TOI-1062 b,TOI-1062,b,2.265,0.096,-0.091,4.11296,1077,10.15,0.81,-0.84,0.052,4.85,0.84,-0.74,5328,0.84,82.1733,1
K2-136c,0.59,0.8,3.002,518,8.4,K2-136 c,K2-136 c,K2-136,c,3,0.13,-0.13,17.30713,470,18.1,1.9,-1.8,0.1185,3.69,0.67,-0.56,4500,0.677,59.2474,1
HD_023472b,0.37,0.7,1.994,558,7.3,HD 23472 b,HD 23472 b,HD 23472,b,2,0.11,-0.1,17.667087,543,8.32,0.78,-0.79,0.1162,6.15,1.2,-1,4684,0.71,39.0341,1
TOI-1064b,0.61,0.7,2.585,724,8.5,TOI-1064 b,TOI-1064 b,TOI-1064,b,2.587,0.043,-0.042,6.443868,784,13.5,1.7,-1.8,0.06152,4.30062,0.551362,-0.606498,4734,0.726,68.0726,1
K2-032c,1.13,0.7,3.136,633,9.8,K2-32 c,K2-32 c,K2-32,c,3.134,0.123,-0.102,20.66093,634,8.1,2.4,-2.4,0.13843,1.43,0.48,-0.45,5271,0.86,157.682,1
HD_307842,0.41,0.7,1.926,1309,7.6,TOI-784 b,TOI-784 b,HD 307842,b,1.93,0.11,-0.09,2.7970365,,9.67,0.83,-0.82,0.038,7.4,1.4,-1.2,5558,0.907,64.5997,1
TOI-6054b,0.26,0.7,2.643,1360,6.7,TOI-6054.01,TOI-6054.01,TOI-6054,b,2.642,0.323,-0.207,7.492991423,,,,,0.078513,,,,6112,1.612,79.407,1
K2-285c,1.17,0.7,3.528,741,10,K2-285 c,K2-285 c,K2-285,c,3.53,0.08,-0.08,7.138048,741.4,15.68,2.28,-2.13,0.0824,1.95,0.32,-0.28,4975,0.787,154.961,1
TOI-1075,0.79,0.7,1.79,1322,9.1,TOI-1075 b,TOI-1075 b,TOI-1075,b,1.791,0.116,-0.081,0.6047328,1323,9.95,1.36,-1.3,0.01159,9.32,2.05,-1.85,3875,0.581,61.4592,1
TOI-669,0.79,0.7,2.598,1239,9.1,TOI-669 b,TOI-669 b,TOI-669,b,2.58606487,0.13042739,-0.11014467,3.945152,1124.85,10,1.4,-1.4,0.048,3.17,0.73,-0.95,5597,0.9882,142.867,1
HD_213885,0.22,0.7,1.744,1274,6.4,HD 213885 b,HD 213885 b,HD 213885,b,1.745,0.051,-0.052,1.008035,2128,8.83,0.66,-0.65,0.02012,9.15,1.1,-1,5978,1.1011,48.0883,1
K2-285b,1.09,0.7,2.587,1089,10,K2-285 b,K2-285 b,K2-285,b,2.59,0.06,-0.06,3.471745,1088.9,9.68,1.21,-1.37,0.03817,3.07,0.45,-0.45,4975,0.787,154.961,1
Kepler-068,0.57,0.7,2.308,1253,8.6,Kepler-68 b,Kepler-68 b,Kepler-68,b,2.357,0.023,-0.023,5.39875259,1275,8.03,0.67,-0.67,0.06135,3.37,0.3,-0.29,5847,1.2564,144.166,1
Kepler-080,3,0.6,2.371,708,12.2,Kepler-80 b,Kepler-80 b,Kepler-80,b,2.67,0.1,-0.1,7.05246,,6.93,1.05,-0.7,0.0648,1.38,0.24,-0.17,4540,0.678,369.451,1
TOI-1117b,0.8,0.6,2.453,1532,9.4,TOI-1117 b,TOI-1117 b,TOI-1117,b,2.46,0.13,-0.12,2.22816,1538,8.9,0.95,-0.96,0.033,3.3,0.6,-0.6,5635,1.05,167.598,1
Kepler-037,0.41,0.6,1.994,499,7.9,Kepler-37 b,Kepler-37 b,Kepler-37,b,0.3098,0.0059,-0.0076,13.36702,718,0.79,,,0.1019,140,,,5357,0.789,63.9207,1
Kepler-026,3.53,0.6,3.218,524,12.6,Kepler-26 b,Kepler-26 b,Kepler-26,b,2.78,0.11,-0.11,12.28,,5.12,0.65,-0.61,,1.26,0.21,-0.19,3914,0.512,335.307,1
TOI-1408c,0.43,0.6,2.218,2023,8.1,TOI-1408 c,TOI-1408 c,TOI-1408,c,2.22,0.06,-0.06,2.1664,,7.6,0.2,-0.2,0.03587,3.8,0.3,-0.3,6117,1.53,139.484,1
TOI-908,0.88,0.6,3.183,1346,9.6,TOI-908 b,TOI-908 b,TOI-908,b,3.186,0.155,-0.155,3.183792,1317,16.137,4.112,-4.039,0.041657,2.742,0.241,-0.353,5626,1.028,175.748,1
K2-138e,1.2,0.6,3.382,855,10.3,K2-138 e,K2-138 e,K2-138,e,3.39,0.156,-0.11,8.26146,,12.97,1.98,-1.99,0.0782,1.8,0.4,-0.3,5356.3,0.863,202.585,1
WASP-132c,0.87,0.6,1.839,1453,9.7,WASP-132 c,WASP-132 c,WASP-132,c,1.841,0.094,-0.093,1.01153624,1329,6.26,1.84,-1.83,0.01833,5.47,1.96,-1.71,4686,0.758,122.91,1
HIP_97166,0.39,0.6,2.733,768,7.9,HIP 97166 b,HIP 97166 b,HIP 97166,b,2.4801338,0.07271432,-0.05203142,10.288914,701.66,19.1,1.6,-1.5,0.091,6.86,1.26,-1.58,5216,0.8418,65.9501,1
K2-233d,0.46,0.6,2.361,524,8.4,K2-233 d,K2-233 d,K2-233,d,2.363,0.062,-0.062,24.3681,525,10.3,2.4,-2.6,0.1516,4.3,1.1,-1.1,4796,0.71,67.5062,1
TOI-2000b,0.7,0.6,2.643,1381,9.3,TOI-2000 b,TOI-2000 b,TOI-2000,b,2.7,0.15,-0.15,3.09833,1488,11,2.4,-2.4,0.04271,3.07,0.94,-0.78,5611,1.134,175.713,1
TOI-2141,0.34,0.5,3.114,740,7.9,TOI-2141 b,TOI-2141 b,TOI-2141,b,3.05,0.23,-0.23,18.26157,722,24,4,-4,0.133,4.6,1.3,-1.3,5659,0.98,77.682,1
HD_035843c,0.32,0.5,2.542,517,7.8,HD 35843 c,HD 35843 c,HD 35843,c,2.54,0.08,-0.07,46.9622,479,11.32,1.58,-1.48,0.25,3.8,0.68,-0.6,5666,0.897,69.6026,1
TOI-125d,0.57,0.5,2.923,638,9,TOI-125 d,TOI-125 d,TOI-125,d,2.93,0.17,-0.17,19.98,638.1,13.6,1.2,-1.2,0.137,2.98,0.65,-0.52,5320,0.848,111.059,1
K2-138c,1.02,0.5,2.296,1132,10.3,K2-138 c,K2-138 c,K2-138,c,2.299,0.12,-0.087,3.56004,,6.31,1.13,-1.23,0.04461,2.8,0.7,-0.6,5356.3,0.863,202.585,1
HIP_08152c,0.43,0.5,2.475,699,8.4,HIP 8152 c,HIP 8152 c,HIP 8152,c,2.52442508,0.14962921,-0.14078921,19.60562,650.68,10.7,2.1,-2.2,0.139,3.63,1.02,-1.38,5618,0.9603,101.694,1
TOI-3261,1.53,0.5,3.819,1718,11.2,TOI-3261 b,TOI-3261 b,TOI-3261,b,3.82,0.42,-0.35,0.8831331,1722,30.3,2.2,-2.4,0.01714,3,1.1,-0.8,5068,0.849,300.141,1
TOI-1246e,0.85,0.5,3.774,501,9.9,TOI-1246 e,TOI-1246 e,TOI-1246,e,3.5141875,0.26911442,-0.18217943,37.92548,463.98,14.5,2.3,-2.3,0.212,1.83,0.47,-0.65,5213,0.8649,169.422,1
TOI-1824,0.31,0.5,2.632,578,7.8,TOI-1824 b,TOI-1824 b,TOI-1824,b,2.7438269,0.08672208,-0.07211466,22.808533,528.67,16,2.6,-2.6,0.151,4.24,0.96,-1.21,5165,0.8123,59.4314,1
K2-199c,0.97,0.5,2.845,695,10.3,K2-199 c,K2-199 c,K2-199,c,2.85,0.1,-0.09,7.3744897,694,12.4,2.3,-2.3,0.0662,2.9,0.7,-0.6,4491,0.682,107.518,1
Kepler-065,0.77,0.5,2.621,1376,9.8,Kepler-65 b,Kepler-65 b,Kepler-65,b,1.42,0.03,-0.03,2.15491,,,,,0.035,,,,6211,1.41,303.728,1
TOI-2196,0.98,0.5,3.506,1856,10.4,TOI-2196 b,TOI-2196 b,TOI-2196,b,3.51,0.15,-0.15,1.1947268,1860,26,1.3,-1.3,0.02234,3.31,0.51,-0.43,5634,1.043,259.947,1
TOI-561d,0.39,0.5,2.613,597,8.4,TOI-561 d,TOI-561 d,TOI-561,d,2.615,0.059,-0.059,25.71268,600,13.33,0.98,-0.98,0.1587,4.1,0.4,-0.4,,0.843,85.799,1
TOI-1246c,0.78,0.5,2.509,932,9.9,TOI-1246 c,TOI-1246 c,TOI-1246,c,2.45109846,0.13824169,-0.08751012,5.904137,862.49,9.1,1.3,-1.2,0.061,3.39,0.78,-1.02,5213,0.8649,169.422,1
Kepler-025,0.63,0.5,2.746,1330,9.5,Kepler-25 b,Kepler-25 b,Kepler-25,b,2.748,0.038,-0.035,6.238297,,8.7,2.5,-2.3,,2.32,0.67,-0.61,,1.316,243.249,1
Kepler-080,2.24,0.5,2.505,640,12.2,Kepler-80 b,Kepler-80 b,Kepler-80,b,2.67,0.1,-0.1,7.05246,,6.93,1.05,-0.7,0.0648,1.38,0.24,-0.17,4540,0.678,369.451,1
NGTS-04,1.27,0.5,3.181,1648,11.1,NGTS-4 b,NGTS-4 b,NGTS-4,b,3.18,0.26,-0.26,1.3373508,1650,20.6,3,-3,0.019,3.45,0.95,-0.95,5143,0.84,280.555,1
HD_212729b,0.34,0.5,2.867,1104,8.2,TOI-1052 b,TOI-1052 b,TOI-1052,b,2.87,0.29,-0.24,9.139703,1135,16.9,1.7,-1.7,0.09103,3.93,1.7,-1.3,6146,1.264,129.804,1
WASP-084c,0.42,0.4,1.949,1452,8.9,WASP-84 c,WASP-84 c,WASP-84,c,1.95,0.12,-0.12,1.4468849,1329,15.2,4.5,-4.2,0.02359,11.2,4.5,-3.5,,0.768,100.588,1
K2-138d,0.8,0.4,2.386,985,10.3,K2-138 d,K2-138 d,K2-138,d,2.39,0.104,-0.084,5.40479,,7.92,1.39,-1.35,0.05893,3.1,0.7,-0.6,5356.3,0.863,202.585,1
WASP-047d,0.75,0.4,3.564,985,10.2,WASP-47 d,WASP-47 d,WASP-47,d,3.65,0.03,-0.03,9.030501,,15.5,0.7,-0.9,,,,,,1.156,264.78,1
TOI-849,0.82,0.4,3.45,1965,10.4,TOI-849 b,TOI-849 b,TOI-849,b,3.64,0.38,-0.38,0.765548,,41.8,2.5,-2.4,0.0155,5.6,0.76,-0.92,5257,0.97,225.734,1
Kepler-011,1.82,0.4,4.176,636,12.2,Kepler-11 b,Kepler-11 b,Kepler-11,b,1.8,0.03,-0.05,10.3039,,1.9,1.4,-1,0.091,1.72,1.25,-0.91,5663,1.065,646.346,1
HD_088986,0.06,0.4,2.486,460,4.9,HD 88986 b,HD 88986 b,HD 88986,b,2.49,0.18,-0.18,146.05,460,17.2,4,-3.8,0.58,6.1,3.3,-2.3,5861,1.543,33.2673,1
TOI-1751,0.24,0.4,2.766,688,7.9,TOI-1751 b,TOI-1751 b,TOI-1751,b,2.9507845,0.11061818,-0.08190008,37.46852,651.64,19.5,3.5,-3.4,0.215,4.13,0.99,-1.26,5970,1.3137,113.335,1
K2-314d,0.52,0.4,3.942,729,9.7,EPIC 249893012 d,EPIC 249893012 d,EPIC 249893012,d,3.94,0.13,-0.12,35.747,752,10.18,2.46,-2.42,0.22,0.91,0.25,-0.23,5430,1.71,321.296,1
K2-182,0.57,0.4,2.688,1069,9.9,K2-182 b,K2-182 b,K2-182,b,2.71257333,0.11096891,-0.09079274,4.7369696,965.8,20.97667486,5.40308292,-5.08525451,0.05174,5.7,1.6,-1.5,5128,0.789,154.83,1
Kepler-036,0.85,0.4,3.677,1014,10.8,Kepler-36 b,Kepler-36 b,Kepler-36,b,1.498,0.061,-0.049,13.86825,,3.83,0.11,-0.1,,6.26,0.79,-0.64,5979,1.634,527.956,1
K2-265,0.4,0.3,1.714,1420,9.3,K2-265 b,K2-265 b,K2-265,b,1.70824866,0.11208981,-0.08070466,2.36902,1366,7.3418362,1.43022783,-1.39844499,0.03359,7.9,2.1,-1.9,5420,0.92,138.671,1
Kepler-454,0.54,0.3,2.363,916,10,Kepler-454 b,Kepler-454 b,Kepler-454,b,2.37,0.13,-0.13,10.5737534,916,5.4,1.4,-1.4,0.09528,2.23,0.75,-0.64,5687,1.066,230.869,1
Kepler-026,1.85,0.3,3.108,468,12.6,Kepler-26 b,Kepler-26 b,Kepler-26,b,2.78,0.11,-0.11,12.28,,5.12,0.65,-0.61,,1.26,0.21,-0.19,3914,0.512,335.307,1
TOI-561e,0.26,0.3,2.516,414,8.4,TOI-561 e,TOI-561 e,TOI-561,e,2.517,0.045,-0.045,77.144,416,12.4,1.4,-1.4,0.33,4.3,0.5,-0.5,,0.843,85.799,1
K2-110,0.45,0.3,2.587,638,9.6,K2-110 b,K2-110 b,K2-110,b,2.592,0.098,-0.097,13.86375,638,15.9,2.7,-2.7,0.10207,5.02,1.1,-0.98,5010,0.713,116.474,1
TOI-815c,0.21,0.3,2.621,468,8,TOI-815 c,TOI-815 c,TOI-815,c,2.62,0.1,-0.09,34.976145,469,23.5,2.4,-2.4,0.193,7.2,1.1,-1,4869,0.77,59.7117,1
K2-038c,0.41,0.3,2.285,926,9.5,K2-38 c,K2-38 c,K2-38,c,2.49,0.22,-0.22,10.56103,949,7.4,1.4,-1.3,0.0959,2.63,1,-0.72,5705,1.141,192.69,1
Kepler-004,0.76,0.3,4.122,1621,10.8,Kepler-4 b,Kepler-4 b,Kepler-4,b,4.002,0.213,-0.213,3.21346,1650,24.472,3.814,-3.814,0.0456,1.91,0.36,-0.47,5857,1.487,487.916,1
Kepler-020,0.7,0.3,3.044,844,10.9,Kepler-20 b,Kepler-20 b,Kepler-20,b,1.773,0.053,-0.03,3.6961049,1187,9.7,1.3,-1.3,0.04565,9.4,1.5,-1.4,5495,0.9164,282.563,1
K2-199b,0.5,0.3,1.725,915,10.3,K2-199 b,K2-199 b,K2-199,b,1.73,0.05,-0.04,3.2253993,913,6.9,1.8,-1.8,0.0382,7.2,2.1,-2,4491,0.682,107.518,1
K2-111,0.33,0.3,1.814,1304,9.4,K2-111 b,K2-111 b,K2-111,b,1.82,0.11,-0.09,5.3518,1309,5.58,0.74,-0.73,0.0565,5,1.1,-1,5775,1.25,200.394,1
K2-314c,0.38,0.3,3.662,949,9.7,EPIC 249893012 c,EPIC 249893012 c,EPIC 249893012,c,3.67,0.17,-0.14,15.624,990,14.67,1.84,-1.89,0.13,1.62,0.3,-0.29,5430,1.71,321.296,1
TOI-1853,0.44,0.3,3.45,1491,10.1,TOI-1853 b,TOI-1853 b,TOI-1853,b,3.46,0.08,-0.08,1.2436258,1479,73.2,2.7,-2.7,0.0213,9.74,0.82,-0.76,4985,0.808,165.105,1
TOI-332,0.49,0.3,3.192,1872,10.3,TOI-332 b,TOI-332 b,TOI-332,b,3.2,0.16,-0.11,0.777038,1871,57.2,1.6,-1.6,0.0159,9.6,1.1,-1.3,5251,0.87,222.852,1
K2-310b,1.06,0.2,2.587,528,12.2,EPIC 212737443 b,EPIC 212737443 b,EPIC 212737443,b,2.586,0.126,-0.126,13.603,536,,,,0.098,,,,4684,0.673,336.25,1
K2-180,0.54,0.2,2.24,747,10.7,K2-180 b,K2-180 b,K2-180,b,2.46597575,0.10984801,-0.09639723,8.865663,797.5,11.41003981,2.38371305,-2.16123317,0.0756,4.16,1.1,-0.92,5365,0.719,203.896,1
WASP-047c,0.38,0.2,1.807,2225,10.2,WASP-47 c,WASP-47 c,WASP-47,c,,,,589.57,,447,18,-22,,,,,,1.156,264.78,1
Kepler-079,1.16,0.2,3.483,546,12.6,Kepler-79 b,Kepler-79 b,Kepler-79,b,3.47,0.07,-0.07,13.4845,,10.9,7.4,-6,0.117,1.43,0.97,-0.78,6174,1.302,1020.72,1
Kepler-049,1.02,0.2,2.577,637,12.4,Kepler-49 b,Kepler-49 b,Kepler-49,b,2.579,0.087,-0.086,7.2,,9.77,0.94,-0.95,,3.082111,0.391467,-0.391467,4095.6,0.618,311.222,1
Kepler-411,0.35,0.2,2.397,1057,10.1,Kepler-411 b,Kepler-411 b,Kepler-411,b,2.401,0.053,-0.053,3.005156,1138,25.6,2.6,-2.6,0.0375,10.3,1.3,-1.3,,0.82,153.676,1
Kepler-011,0.91,0.2,3.108,702,12.2,Kepler-11 b,Kepler-11 b,Kepler-11,b,1.8,0.03,-0.05,10.3039,,1.9,1.4,-1,0.091,1.72,1.25,-0.91,5663,1.065,646.346,1
Kepler-049,0.88,0.2,2.442,555,12.4,Kepler-49 b,Kepler-49 b,Kepler-49,b,2.579,0.087,-0.086,7.2,,9.77,0.94,-0.95,,3.082111,0.391467,-0.391467,4095.6,0.618,311.222,1
Kepler-289,0.91,0.2,3.024,502,12.5,Kepler-289 b,Kepler-289 b,Kepler-289,b,2.49,0.07,-0.07,34.5383,,3.7,3.79,-1.96,,1.45,1.5,-0.77,5990,1,704.438,1
Kepler-010,0.2,0.2,2.353,578,9.5,Kepler-10 b,Kepler-10 b,Kepler-10,b,1.47,0.03,-0.02,0.8374907,2188,3.24,0.32,-0.32,0.01685,5.54,0.66,-0.62,5708,1.065,185.506,1
Kepler-030,1.33,0.2,3.752,601,13.6,Kepler-30 b,Kepler-30 b,Kepler-30,b,3.9,0.2,-0.2,29.33434,,11.3,1.4,-1.4,0.18,1.02,0.13,-0.13,5498,0.95,914.221,1
K2-310c,0.68,0.2,2.688,312,12.2,EPIC 212737443 c,EPIC 212737443 c,EPIC 212737443,c,2.69,0.146,-0.146,65.55,316,,,,0.28,,,,4684,0.673,336.25,1
Kepler-082,1.25,0.1,4.066,602,13.5,Kepler-82 b,Kepler-82 b,Kepler-82,b,4.07,0.24,-0.1,26.44,,12.15,0.96,-0.87,0.1683,0.98,0.11,-0.16,,0.898,904.326,1
K2-263,0.21,0.1,2.408,470,9.8,K2-263 b,K2-263 b,K2-263,b,2.41,0.12,-0.12,50.818947,470,14.9,2.1,-2.1,0.2573,5.8,1.3,-1.1,5368,0.85,162.481,1
Kepler-033,0.7,0.1,3.954,736,12.6,Kepler-33 b,Kepler-33 b,Kepler-33,b,1.74,0.18,-0.18,5.66793,,,,,0.0677,,,,5904,1.82,1209.16,1
Kepler-033,0.68,0.1,3.539,802,12.6,Kepler-33 b,Kepler-33 b,Kepler-33,b,1.74,0.18,-0.18,5.66793,,,,,0.0677,,,,5904,1.82,1209.16,1
Kepler-020,0.3,0.1,1.867,1209,10.9,Kepler-20 b,Kepler-20 b,Kepler-20,b,1.773,0.053,-0.03,3.6961049,1187,9.7,1.3,-1.3,0.04565,9.4,1.5,-1.4,5495,0.9164,282.563,1
Kepler-538,0.17,0.1,2.213,365,9.6,Kepler-538 b,Kepler-538 b,Kepler-538,b,2.215,0.04,-0.034,81.73778,417,12.9,2.9,-2.9,0.3554,6.5,1.5,-1.5,5534,0.8717,155.956,1
K2-314b,0.16,0.1,1.949,1579,9.7,EPIC 249893012 b,EPIC 249893012 b,EPIC 249893012,b,1.95,0.09,-0.08,3.5951,1616,8.75,1.09,-1.08,0.047,6.39,1.19,-1.04,5430,1.71,321.296,1
Kepler-165,0.35,0.1,1.904,761,12.6,Kepler-165 b,Kepler-165 b,Kepler-165,b,2.32,1.41,-1.41,8.180848,,,,,0.072,,,,5211,0.77,560.885,1
K2-066,0.14,0.1,2.486,1499,10.6,K2-66 b,K2-66 b,K2-66,b,2.49,0.34,-0.24,5.06963,1372,21.3,3.6,-3.6,0.05983,7.8,2.7,-2.7,5887,1.67,513.877,1
Kepler-165,0.2,0,1.904,871,12.6,Kepler-165 b,Kepler-165 b,Kepler-165,b,2.32,1.41,-1.41,8.180848,,,,,0.072,,,,5211,0.77,560.885,1
Kepler-278,0.03,0,3.27,755,9.5,Kepler-278 b,Kepler-278 b,Kepler-278,b,4.07,0.16,-0.16,30.160546,,,,,0.207,,,,4991,2.935,443.03,1