CENTRALWAVELNG,BANDWIDTH,PL_TRANDEP,PL_TRANDEPERR1,PL_TRANDEPERR2,PL_TRANDEP_AUTHORS,PL_RATROR,PL_RATRORERR1,PL_RATRORERR2,PL_RATROR_AUTHORS,PL_RADJ,PL_RADJERR1,PL_RADJERR2,PL_RADJ_AUTHORS,PL_TRANMID,PL_TRANMIDERR1,PL_TRANMIDERR2,ST_RAD,ST_RADERR1,ST_RADERR2,ST_RAD_AUTHORS
2.87284,0.01014,0.11178,0.0019,-0.0019,Teske et al. 2025,0.03343,0.00028,-0.00029,Calculated,0.178,0.0057,-0.0057,Calculated,,,,0.547,0.017,-0.017,Fridlund et al. 2024
2.89312,0.01014,0.11181,0.00188,-0.00188,Teske et al. 2025,0.03344,0.00028,-0.00028,Calculated,0.178,0.0057,-0.0057,Calculated,,,,0.547,0.017,-0.017,Fridlund et al. 2024
2.9134,0.01014,0.11562,0.00184,-0.00184,Teske et al. 2025,0.034,0.00027,-0.00027,Calculated,0.181,0.0058,-0.0058,Calculated,,,,0.547,0.017,-0.017,Fridlund et al. 2024
2.93368,0.01014,0.11427,0.00178,-0.00178,Teske et al. 2025,0.0338,0.00026,-0.00026,Calculated,0.1799,0.0058,-0.0058,Calculated,,,,0.547,0.017,-0.017,Fridlund et al. 2024
2.95395,0.01014,0.11534,0.0017,-0.0017,Teske et al. 2025,0.03396,0.00025,-0.00025,Calculated,0.1808,0.0058,-0.0058,Calculated,,,,0.547,0.017,-0.017,Fridlund et al. 2024
2.97423,0.01014,0.11228,0.00176,-0.00176,Teske et al. 2025,0.03351,0.00026,-0.00026,Calculated,0.1784,0.0057,-0.0057,Calculated,,,,0.547,0.017,-0.017,Fridlund et al. 2024
2.99451,0.01014,0.11252,0.00167,-0.00167,Teske et al. 2025,0.03354,0.00025,-0.00025,Calculated,0.1786,0.0057,-0.0057,Calculated,,,,0.547,0.017,-0.017,Fridlund et al. 2024
3.01478,0.01014,0.11311,0.00173,-0.00173,Teske et al. 2025,0.03363,0.00026,-0.00026,Calculated,0.179,0.0057,-0.0057,Calculated,,,,0.547,0.017,-0.017,Fridlund et al. 2024
3.03506,0.01014,0.11277,0.00164,-0.00164,Teske et al. 2025,0.03358,0.00024,-0.00024,Calculated,0.1788,0.0057,-0.0057,Calculated,,,,0.547,0.017,-0.017,Fridlund et al. 2024
3.05534,0.01014,0.11486,0.00166,-0.00166,Teske et al. 2025,0.03389,0.00024,-0.00025,Calculated,0.1804,0.0058,-0.0058,Calculated,,,,0.547,0.017,-0.017,Fridlund et al. 2024
3.07562,0.01014,0.1104,0.00171,-0.00171,Teske et al. 2025,0.03323,0.00026,-0.00026,Calculated,0.1769,0.0057,-0.0057,Calculated,,,,0.547,0.017,-0.017,Fridlund et al. 2024
3.09589,0.01014,0.115,0.00166,-0.00166,Teske et al. 2025,0.03391,0.00024,-0.00025,Calculated,0.1805,0.0058,-0.0058,Calculated,,,,0.547,0.017,-0.017,Fridlund et al. 2024
3.11617,0.01014,0.11453,0.00159,-0.00159,Teske et al. 2025,0.03384,0.00023,-0.00024,Calculated,0.1801,0.0057,-0.0057,Calculated,,,,0.547,0.017,-0.017,Fridlund et al. 2024
3.13645,0.01014,0.11538,0.00166,-0.00166,Teske et al. 2025,0.03397,0.00024,-0.00025,Calculated,0.1808,0.0058,-0.0058,Calculated,,,,0.547,0.017,-0.017,Fridlund et al. 2024
3.15673,0.01014,0.11718,0.00164,-0.00164,Teske et al. 2025,0.03423,0.00024,-0.00024,Calculated,0.1822,0.0058,-0.0058,Calculated,,,,0.547,0.017,-0.017,Fridlund et al. 2024
3.177,0.01014,0.11231,0.00179,-0.00179,Teske et al. 2025,0.03351,0.00027,-0.00027,Calculated,0.1784,0.0057,-0.0057,Calculated,,,,0.547,0.017,-0.017,Fridlund et al. 2024
3.19728,0.01014,0.11517,0.00162,-0.00162,Teske et al. 2025,0.03394,0.00024,-0.00024,Calculated,0.1806,0.0058,-0.0058,Calculated,,,,0.547,0.017,-0.017,Fridlund et al. 2024
3.21756,0.01014,0.11423,0.00162,-0.00162,Teske et al. 2025,0.0338,0.00024,-0.00024,Calculated,0.1799,0.0057,-0.0057,Calculated,,,,0.547,0.017,-0.017,Fridlund et al. 2024
3.23784,0.01014,0.11465,0.00166,-0.00166,Teske et al. 2025,0.03386,0.00024,-0.00025,Calculated,0.1802,0.0058,-0.0058,Calculated,,,,0.547,0.017,-0.017,Fridlund et al. 2024
3.25811,0.01014,0.1173,0.00168,-0.00168,Teske et al. 2025,0.03425,0.00024,-0.00025,Calculated,0.1823,0.0058,-0.0058,Calculated,,,,0.547,0.017,-0.017,Fridlund et al. 2024
3.27839,0.01014,0.11543,0.00159,-0.00159,Teske et al. 2025,0.03398,0.00023,-0.00023,Calculated,0.1809,0.0058,-0.0058,Calculated,,,,0.547,0.017,-0.017,Fridlund et al. 2024
3.29867,0.01014,0.11177,0.00165,-0.00165,Teske et al. 2025,0.03343,0.00025,-0.00025,Calculated,0.178,0.0057,-0.0057,Calculated,,,,0.547,0.017,-0.017,Fridlund et al. 2024
3.31895,0.01014,0.11767,0.00169,-0.00169,Teske et al. 2025,0.0343,0.00025,-0.00025,Calculated,0.1826,0.0058,-0.0058,Calculated,,,,0.547,0.017,-0.017,Fridlund et al. 2024
3.33922,0.01014,0.11494,0.00164,-0.00164,Teske et al. 2025,0.0339,0.00024,-0.00024,Calculated,0.1805,0.0058,-0.0058,Calculated,,,,0.547,0.017,-0.017,Fridlund et al. 2024
3.3595,0.01014,0.11524,0.00163,-0.00163,Teske et al. 2025,0.03395,0.00024,-0.00024,Calculated,0.1807,0.0058,-0.0058,Calculated,,,,0.547,0.017,-0.017,Fridlund et al. 2024
3.37978,0.01014,0.11802,0.00162,-0.00162,Teske et al. 2025,0.03435,0.00024,-0.00024,Calculated,0.1829,0.0058,-0.0058,Calculated,,,,0.547,0.017,-0.017,Fridlund et al. 2024
3.40006,0.01014,0.11449,0.00166,-0.00166,Teske et al. 2025,0.03384,0.00024,-0.00025,Calculated,0.1801,0.0057,-0.0057,Calculated,,,,0.547,0.017,-0.017,Fridlund et al. 2024
3.42033,0.01014,0.11322,0.00164,-0.00164,Teske et al. 2025,0.03365,0.00024,-0.00025,Calculated,0.1791,0.0057,-0.0057,Calculated,,,,0.547,0.017,-0.017,Fridlund et al. 2024
3.44061,0.01014,0.11473,0.00167,-0.00167,Teske et al. 2025,0.03387,0.00025,-0.00025,Calculated,0.1803,0.0058,-0.0058,Calculated,,,,0.547,0.017,-0.017,Fridlund et al. 2024
3.46089,0.01014,0.11103,0.00171,-0.00171,Teske et al. 2025,0.03332,0.00025,-0.00026,Calculated,0.1774,0.0057,-0.0057,Calculated,,,,0.547,0.017,-0.017,Fridlund et al. 2024
3.48117,0.01014,0.11297,0.00175,-0.00175,Teske et al. 2025,0.03361,0.00026,-0.00026,Calculated,0.1789,0.0057,-0.0057,Calculated,,,,0.547,0.017,-0.017,Fridlund et al. 2024
3.50144,0.01014,0.11361,0.0017,-0.0017,Teske et al. 2025,0.03371,0.00025,-0.00025,Calculated,0.1794,0.0057,-0.0057,Calculated,,,,0.547,0.017,-0.017,Fridlund et al. 2024
3.52172,0.01014,0.11241,0.00172,-0.00172,Teske et al. 2025,0.03353,0.00025,-0.00026,Calculated,0.1785,0.0057,-0.0057,Calculated,,,,0.547,0.017,-0.017,Fridlund et al. 2024
3.542,0.01014,0.11209,0.00168,-0.00168,Teske et al. 2025,0.03348,0.00025,-0.00025,Calculated,0.1782,0.0057,-0.0057,Calculated,,,,0.547,0.017,-0.017,Fridlund et al. 2024
3.56228,0.01014,0.11281,0.00172,-0.00172,Teske et al. 2025,0.03359,0.00025,-0.00026,Calculated,0.1788,0.0057,-0.0057,Calculated,,,,0.547,0.017,-0.017,Fridlund et al. 2024
3.58255,0.01014,0.11054,0.0017,-0.0017,Teske et al. 2025,0.03325,0.00025,-0.00026,Calculated,0.177,0.0057,-0.0057,Calculated,,,,0.547,0.017,-0.017,Fridlund et al. 2024
3.60283,0.01014,0.1111,0.00181,-0.00181,Teske et al. 2025,0.03333,0.00027,-0.00027,Calculated,0.1774,0.0057,-0.0057,Calculated,,,,0.547,0.017,-0.017,Fridlund et al. 2024
3.62311,0.01014,0.11426,0.00175,-0.00175,Teske et al. 2025,0.0338,0.00026,-0.00026,Calculated,0.1799,0.0058,-0.0058,Calculated,,,,0.547,0.017,-0.017,Fridlund et al. 2024
3.64338,0.01014,0.11279,0.00177,-0.00177,Teske et al. 2025,0.03358,0.00026,-0.00026,Calculated,0.1788,0.0057,-0.0057,Calculated,,,,0.547,0.017,-0.017,Fridlund et al. 2024
3.66366,0.01014,0.11395,0.00179,-0.00179,Teske et al. 2025,0.03376,0.00026,-0.00027,Calculated,0.1797,0.0058,-0.0058,Calculated,,,,0.547,0.017,-0.017,Fridlund et al. 2024
3.68394,0.01014,0.11123,0.00178,-0.00178,Teske et al. 2025,0.03335,0.00027,-0.00027,Calculated,0.1775,0.0057,-0.0057,Calculated,,,,0.547,0.017,-0.017,Fridlund et al. 2024
3.70422,0.01014,0.11345,0.00185,-0.00185,Teske et al. 2025,0.03368,0.00027,-0.00028,Calculated,0.1793,0.0058,-0.0058,Calculated,,,,0.547,0.017,-0.017,Fridlund et al. 2024
3.82978,0.00986,0.11238,0.00214,-0.00214,Teske et al. 2025,0.03352,0.00032,-0.00032,Calculated,0.1784,0.0058,-0.0058,Calculated,,,,0.547,0.017,-0.017,Fridlund et al. 2024
3.84951,0.00986,0.11674,0.00192,-0.00192,Teske et al. 2025,0.03417,0.00028,-0.00028,Calculated,0.1819,0.0058,-0.0058,Calculated,,,,0.547,0.017,-0.017,Fridlund et al. 2024
3.86924,0.00986,0.11494,0.00201,-0.00201,Teske et al. 2025,0.0339,0.00029,-0.0003,Calculated,0.1805,0.0058,-0.0058,Calculated,,,,0.547,0.017,-0.017,Fridlund et al. 2024
3.88896,0.00986,0.11204,0.00199,-0.00199,Teske et al. 2025,0.03347,0.0003,-0.0003,Calculated,0.1782,0.0058,-0.0058,Calculated,,,,0.547,0.017,-0.017,Fridlund et al. 2024
3.90869,0.00986,0.11395,0.00202,-0.00202,Teske et al. 2025,0.03376,0.0003,-0.0003,Calculated,0.1797,0.0058,-0.0058,Calculated,,,,0.547,0.017,-0.017,Fridlund et al. 2024
3.92842,0.00986,0.11163,0.00209,-0.00209,Teske et al. 2025,0.03341,0.00031,-0.00031,Calculated,0.1778,0.0058,-0.0058,Calculated,,,,0.547,0.017,-0.017,Fridlund et al. 2024
3.94815,0.00986,0.1129,0.00201,-0.00201,Teske et al. 2025,0.0336,0.0003,-0.0003,Calculated,0.1789,0.0058,-0.0058,Calculated,,,,0.547,0.017,-0.017,Fridlund et al. 2024
3.96787,0.00986,0.11031,0.00214,-0.00214,Teske et al. 2025,0.03321,0.00032,-0.00032,Calculated,0.1768,0.0058,-0.0058,Calculated,,,,0.547,0.017,-0.017,Fridlund et al. 2024
3.9876,0.00986,0.11039,0.00237,-0.00237,Teske et al. 2025,0.03323,0.00036,-0.00036,Calculated,0.1769,0.0058,-0.0058,Calculated,,,,0.547,0.017,-0.017,Fridlund et al. 2024
4.00733,0.00986,0.11291,0.00209,-0.00209,Teske et al. 2025,0.0336,0.00031,-0.00031,Calculated,0.1789,0.0058,-0.0058,Calculated,,,,0.547,0.017,-0.017,Fridlund et al. 2024
4.02706,0.00986,0.11841,0.00225,-0.00225,Teske et al. 2025,0.03441,0.00033,-0.00033,Calculated,0.1832,0.006,-0.006,Calculated,,,,0.547,0.017,-0.017,Fridlund et al. 2024
4.04679,0.00986,0.11444,0.00215,-0.00215,Teske et al. 2025,0.03383,0.00032,-0.00032,Calculated,0.1801,0.0058,-0.0058,Calculated,,,,0.547,0.017,-0.017,Fridlund et al. 2024
4.06651,0.00986,0.11529,0.00224,-0.00224,Teske et al. 2025,0.03395,0.00033,-0.00033,Calculated,0.1807,0.0059,-0.0059,Calculated,,,,0.547,0.017,-0.017,Fridlund et al. 2024
4.08624,0.00986,0.11634,0.00223,-0.00223,Teske et al. 2025,0.03411,0.00033,-0.00033,Calculated,0.1816,0.0059,-0.0059,Calculated,,,,0.547,0.017,-0.017,Fridlund et al. 2024
4.10597,0.00986,0.11308,0.00221,-0.00221,Teske et al. 2025,0.03363,0.00033,-0.00033,Calculated,0.179,0.0058,-0.0058,Calculated,,,,0.547,0.017,-0.017,Fridlund et al. 2024
4.1257,0.00986,0.11682,0.0022,-0.0022,Teske et al. 2025,0.03418,0.00032,-0.00032,Calculated,0.1819,0.0059,-0.0059,Calculated,,,,0.547,0.017,-0.017,Fridlund et al. 2024
4.14542,0.00986,0.11207,0.00229,-0.00229,Teske et al. 2025,0.03348,0.00034,-0.00034,Calculated,0.1782,0.0058,-0.0058,Calculated,,,,0.547,0.017,-0.017,Fridlund et al. 2024
4.16515,0.00986,0.11618,0.0023,-0.0023,Teske et al. 2025,0.03408,0.00034,-0.00034,Calculated,0.1814,0.0059,-0.0059,Calculated,,,,0.547,0.017,-0.017,Fridlund et al. 2024
4.18488,0.00986,0.11538,0.00236,-0.00236,Teske et al. 2025,0.03397,0.00034,-0.00035,Calculated,0.1808,0.0059,-0.0059,Calculated,,,,0.547,0.017,-0.017,Fridlund et al. 2024
4.20461,0.00986,0.1128,0.00236,-0.00236,Teske et al. 2025,0.03359,0.00035,-0.00035,Calculated,0.1788,0.0059,-0.0059,Calculated,,,,0.547,0.017,-0.017,Fridlund et al. 2024
4.22433,0.00986,0.11792,0.00236,-0.00236,Teske et al. 2025,0.03434,0.00034,-0.00035,Calculated,0.1828,0.006,-0.006,Calculated,,,,0.547,0.017,-0.017,Fridlund et al. 2024
4.24406,0.00986,0.11675,0.00243,-0.00243,Teske et al. 2025,0.03417,0.00035,-0.00036,Calculated,0.1819,0.006,-0.006,Calculated,,,,0.547,0.017,-0.017,Fridlund et al. 2024
4.26379,0.00986,0.11503,0.00245,-0.00245,Teske et al. 2025,0.03392,0.00036,-0.00036,Calculated,0.1805,0.0059,-0.0059,Calculated,,,,0.547,0.017,-0.017,Fridlund et al. 2024
4.28352,0.00986,0.11361,0.00254,-0.00254,Teske et al. 2025,0.03371,0.00037,-0.00038,Calculated,0.1794,0.0059,-0.0059,Calculated,,,,0.547,0.017,-0.017,Fridlund et al. 2024
4.30324,0.00986,0.11571,0.0026,-0.0026,Teske et al. 2025,0.03402,0.00038,-0.00038,Calculated,0.1811,0.006,-0.006,Calculated,,,,0.547,0.017,-0.017,Fridlund et al. 2024
4.32297,0.00986,0.11021,0.00261,-0.00261,Teske et al. 2025,0.0332,0.00039,-0.0004,Calculated,0.1767,0.0059,-0.0059,Calculated,,,,0.547,0.017,-0.017,Fridlund et al. 2024
4.3427,0.00986,0.119,0.0028,-0.0028,Teske et al. 2025,0.0345,0.0004,-0.00041,Calculated,0.1836,0.0061,-0.0061,Calculated,,,,0.547,0.017,-0.017,Fridlund et al. 2024
4.36243,0.00986,0.11054,0.00281,-0.00281,Teske et al. 2025,0.03325,0.00042,-0.00042,Calculated,0.177,0.0059,-0.0059,Calculated,,,,0.547,0.017,-0.017,Fridlund et al. 2024
4.38216,0.00986,0.11314,0.00281,-0.00281,Teske et al. 2025,0.03364,0.00042,-0.00042,Calculated,0.179,0.006,-0.006,Calculated,,,,0.547,0.017,-0.017,Fridlund et al. 2024
4.40188,0.00986,0.11747,0.00284,-0.00284,Teske et al. 2025,0.03427,0.00041,-0.00042,Calculated,0.1824,0.0061,-0.0061,Calculated,,,,0.547,0.017,-0.017,Fridlund et al. 2024
4.42161,0.00986,0.11304,0.00288,-0.00288,Teske et al. 2025,0.03362,0.00043,-0.00043,Calculated,0.179,0.006,-0.006,Calculated,,,,0.547,0.017,-0.017,Fridlund et al. 2024
4.44134,0.00986,0.11543,0.00301,-0.00301,Teske et al. 2025,0.03397,0.00044,-0.00045,Calculated,0.1808,0.0061,-0.0061,Calculated,,,,0.547,0.017,-0.017,Fridlund et al. 2024
4.46106,0.00986,0.10863,0.00298,-0.00298,Teske et al. 2025,0.03296,0.00045,-0.00046,Calculated,0.1754,0.006,-0.006,Calculated,,,,0.547,0.017,-0.017,Fridlund et al. 2024
4.48079,0.00986,0.11302,0.00298,-0.00298,Teske et al. 2025,0.03362,0.00044,-0.00045,Calculated,0.1789,0.006,-0.006,Calculated,,,,0.547,0.017,-0.017,Fridlund et al. 2024
4.50052,0.00986,0.11668,0.00303,-0.00303,Teske et al. 2025,0.03416,0.00044,-0.00045,Calculated,0.1818,0.0061,-0.0061,Calculated,,,,0.547,0.017,-0.017,Fridlund et al. 2024
4.52025,0.00986,0.11305,0.00311,-0.00311,Teske et al. 2025,0.03362,0.00046,-0.00047,Calculated,0.179,0.0061,-0.0061,Calculated,,,,0.547,0.017,-0.017,Fridlund et al. 2024
4.53998,0.00986,0.11815,0.0032,-0.0032,Teske et al. 2025,0.03437,0.00046,-0.00047,Calculated,0.183,0.0062,-0.0062,Calculated,,,,0.547,0.017,-0.017,Fridlund et al. 2024
4.5597,0.00986,0.11347,0.00333,-0.00333,Teske et al. 2025,0.03369,0.00049,-0.0005,Calculated,0.1793,0.0062,-0.0062,Calculated,,,,0.547,0.017,-0.017,Fridlund et al. 2024
4.57943,0.00986,0.11589,0.00328,-0.00328,Teske et al. 2025,0.03404,0.00048,-0.00049,Calculated,0.1812,0.0062,-0.0062,Calculated,,,,0.547,0.017,-0.017,Fridlund et al. 2024
4.59916,0.00986,0.11465,0.00329,-0.00329,Teske et al. 2025,0.03386,0.00048,-0.00049,Calculated,0.1802,0.0062,-0.0062,Calculated,,,,0.547,0.017,-0.017,Fridlund et al. 2024
4.61889,0.00986,0.11813,0.00328,-0.00328,Teske et al. 2025,0.03437,0.00047,-0.00048,Calculated,0.1829,0.0062,-0.0062,Calculated,,,,0.547,0.017,-0.017,Fridlund et al. 2024
4.63861,0.00986,0.11298,0.00336,-0.00336,Teske et al. 2025,0.03361,0.0005,-0.0005,Calculated,0.1789,0.0062,-0.0062,Calculated,,,,0.547,0.017,-0.017,Fridlund et al. 2024
4.65834,0.00986,0.10809,0.00339,-0.00339,Teske et al. 2025,0.03288,0.00051,-0.00052,Calculated,0.175,0.0061,-0.0061,Calculated,,,,0.547,0.017,-0.017,Fridlund et al. 2024
4.67807,0.00986,0.11294,0.00341,-0.00341,Teske et al. 2025,0.03361,0.0005,-0.00051,Calculated,0.1789,0.0062,-0.0062,Calculated,,,,0.547,0.017,-0.017,Fridlund et al. 2024
4.6978,0.00986,0.11229,0.00369,-0.00369,Teske et al. 2025,0.03351,0.00055,-0.00055,Calculated,0.1784,0.0063,-0.0063,Calculated,,,,0.547,0.017,-0.017,Fridlund et al. 2024
4.71752,0.00986,0.11707,0.00359,-0.00359,Teske et al. 2025,0.03422,0.00052,-0.00053,Calculated,0.1821,0.0063,-0.0063,Calculated,,,,0.547,0.017,-0.017,Fridlund et al. 2024
4.73725,0.00986,0.1156,0.00353,-0.00353,Teske et al. 2025,0.034,0.00051,-0.00052,Calculated,0.181,0.0063,-0.0063,Calculated,,,,0.547,0.017,-0.017,Fridlund et al. 2024
4.75698,0.00986,0.10336,0.00351,-0.00351,Teske et al. 2025,0.03215,0.00054,-0.00055,Calculated,0.1711,0.0061,-0.0061,Calculated,,,,0.547,0.017,-0.017,Fridlund et al. 2024
4.77671,0.00986,0.11955,0.0037,-0.0037,Teske et al. 2025,0.03458,0.00053,-0.00054,Calculated,0.184,0.0064,-0.0064,Calculated,,,,0.547,0.017,-0.017,Fridlund et al. 2024
4.79643,0.00986,0.11394,0.00369,-0.00369,Teske et al. 2025,0.03375,0.00054,-0.00055,Calculated,0.1797,0.0063,-0.0063,Calculated,,,,0.547,0.017,-0.017,Fridlund et al. 2024
4.81616,0.00986,0.10717,0.00369,-0.00369,Teske et al. 2025,0.03274,0.00056,-0.00057,Calculated,0.1743,0.0062,-0.0062,Calculated,,,,0.547,0.017,-0.017,Fridlund et al. 2024
4.83589,0.00986,0.11233,0.00375,-0.00375,Teske et al. 2025,0.03352,0.00055,-0.00056,Calculated,0.1784,0.0063,-0.0063,Calculated,,,,0.547,0.017,-0.017,Fridlund et al. 2024
4.85562,0.00986,0.11199,0.00393,-0.00393,Teske et al. 2025,0.03346,0.00058,-0.00059,Calculated,0.1781,0.0064,-0.0064,Calculated,,,,0.547,0.017,-0.017,Fridlund et al. 2024
4.87535,0.00986,0.10891,0.00383,-0.00383,Teske et al. 2025,0.033,0.00058,-0.00059,Calculated,0.1757,0.0063,-0.0063,Calculated,,,,0.547,0.017,-0.017,Fridlund et al. 2024
4.89507,0.00986,0.10971,0.00427,-0.00427,Teske et al. 2025,0.03312,0.00064,-0.00065,Calculated,0.1763,0.0065,-0.0065,Calculated,,,,0.547,0.017,-0.017,Fridlund et al. 2024
4.9148,0.00986,0.11056,0.00396,-0.00396,Teske et al. 2025,0.03325,0.00059,-0.0006,Calculated,0.177,0.0063,-0.0063,Calculated,,,,0.547,0.017,-0.017,Fridlund et al. 2024
4.93453,0.00986,0.12028,0.00406,-0.00406,Teske et al. 2025,0.03468,0.00058,-0.00059,Calculated,0.1846,0.0065,-0.0065,Calculated,,,,0.547,0.017,-0.017,Fridlund et al. 2024
4.95426,0.00986,0.11567,0.00397,-0.00397,Teske et al. 2025,0.03401,0.00058,-0.00059,Calculated,0.181,0.0064,-0.0064,Calculated,,,,0.547,0.017,-0.017,Fridlund et al. 2024
4.97398,0.00986,0.11511,0.00411,-0.00411,Teske et al. 2025,0.03393,0.0006,-0.00061,Calculated,0.1806,0.0065,-0.0065,Calculated,,,,0.547,0.017,-0.017,Fridlund et al. 2024
4.99371,0.00986,0.09987,0.00418,-0.00418,Teske et al. 2025,0.0316,0.00065,-0.00067,Calculated,0.1682,0.0063,-0.0063,Calculated,,,,0.547,0.017,-0.017,Fridlund et al. 2024
5.01344,0.00986,0.11871,0.00425,-0.00425,Teske et al. 2025,0.03445,0.00061,-0.00062,Calculated,0.1834,0.0066,-0.0066,Calculated,,,,0.547,0.017,-0.017,Fridlund et al. 2024
5.03317,0.00986,0.12146,0.00426,-0.00426,Teske et al. 2025,0.03485,0.00061,-0.00062,Calculated,0.1855,0.0066,-0.0066,Calculated,,,,0.547,0.017,-0.017,Fridlund et al. 2024
5.05289,0.00986,0.1119,0.0043,-0.0043,Teske et al. 2025,0.03345,0.00064,-0.00065,Calculated,0.1781,0.0065,-0.0065,Calculated,,,,0.547,0.017,-0.017,Fridlund et al. 2024
5.07262,0.00986,0.11725,0.00434,-0.00434,Teske et al. 2025,0.03424,0.00063,-0.00064,Calculated,0.1823,0.0066,-0.0066,Calculated,,,,0.547,0.017,-0.017,Fridlund et al. 2024
